파이썬인덱스,인덱스,이미지,전국도감,이름(한국어),이름(일본어),이름(영어),분류,특성1,특성2,숨겨진특성1,숨겨진특성2,키,몸무게,포켓몬 도감색,타입1,타입2,진화-2,진화-1,진화+1,진화+2,관동도감(1세대),성도도감(2세대),호연도감(3세대),신오도감(4세대),하나도감(5세대),칼로스도감(6세대),알로라도감(7세대)
1,1,,1,이상해씨,フシギダネ,Bulbasaur,씨앗포켓몬,심록,,엽록소,,0.7m,6.9kg, 초록,풀,독,,,이상해풀,이상해꽃,001,231,203,,,080,
2,2,,2,이상해풀,フシギソウ,Ivysaur,씨앗포켓몬,심록,,엽록소,,1.0m,13.0kg, 초록,풀,독,,이상해씨,이상해꽃,,002,232,204,,,081,
3,3,,3,이상해꽃,フシギバナ,Venusaur,씨앗포켓몬,심록,,엽록소,,2.0m,100.0kg, 초록,풀,독,이상해씨,이상해풀,,,003,233,205,,,082,
4,4,,4,파이리,ヒトカゲ,Charmander,도룡뇽포켓몬,맹화,,선파워,,0.6m,8.5kg, 빨강,불꽃,,,,리자드,리자몽,004,234,206,,,083,
5,5,,5,리자드,リザード,Charmeleon,화염포켓몬,맹화,,선파워,,1.1m,19.0kg, 빨강,불꽃,,,파이리,리자몽,,005,235,207,,,084,
6,6,,6,리자몽,リザードン,Charizard,화염포켓몬,맹화,,선파워,,1.7m,90.5kg, 빨강,불꽃,비행,파이리,리자드,,,006,236,208,,,085,
7,7,,7,꼬부기,ゼニガメ,Squirtle,꼬마거북포켓몬,급류,,젖은접시,,0.5m,9.0kg, 빨강,물,,,,어니부기,거북왕,007,237,209,,,086,
8,8,,8,어니부기,カメール,Wartortle,거북포켓몬,급류,,젖은접시,,1.0m,22.5kg, 파랑,물,,,꼬부기,거북왕,,008,238,210,,,087,
9,9,,9,거북왕,カメックス,Blastoise,껍질포켓몬,급류,,젖은접시,,1.6m,85.5kg, 파랑,물,,꼬부기,어니부기,,,009,239,211,,,088,
10,10,,10,캐터피,キャタピー,Caterpie,애벌레포켓몬,인분,,도주,,0.3m,2.9kg, 초록,벌레,,,,단데기,버터플,010,024,212,,,023,
11,11,,11,단데기,トランセル,Metapod,번데기포켓몬,탈피,,,,0.7m,9.9kg, 초록,벌레,,,캐터피,버터플,,011,025,213,,,024,
12,12,,12,버터플,バタフリー,Butterfree,나비포켓몬,복안,,색안경,,1.1m,32.0kg, 하양,벌레,비행,캐터피,단데기,,,012,026,214,,,025,
13,13,,13,뿔충이,ビードル,Weedle,송충이포켓몬,인분,,도주,,0.3m,3.2kg, 갈색,벌레,독,,,딱충이,독침붕,013,027,215,,,026,
14,14,,14,딱충이,コクーン,Kakuna,번데기포켓몬,탈피,,,,0.6m,10.0kg, 노랑,벌레,독,,뿔충이,독침붕,,014,028,216,,,027,
15,15,,15,독침붕,スピアー,Beedrill,독벌포켓몬,벌레의알림,,스나이퍼,,1.0m,29.5kg, 노랑,벌레,독,뿔충이,딱충이,,,015,029,217,,,028,
16,16,,16,구구,ポッポ,Pidgey,아기새포켓몬,날카로운눈,갈지자걸음,부풀린가슴,,0.3m,1.8kg, 갈색,노말,비행,,,피죤,피죤투,016,010,218,,,017,
17,17,,17,피죤,ピジョン,Pidgeotto,새포켓몬,날카로운눈,갈지자걸음,부풀린가슴,,1.1m,30.0kg, 갈색,노말,비행,,구구,피죤투,,017,011,219,,,018,
18,18,,18,피죤투,ピジョット,Pidgeot,새포켓몬,날카로운눈,갈지자걸음,부풀린가슴,,1.5m,39.5kg, 갈색,노말,비행,구구,피죤,,,018,012,220,,,019,
19,19,,19,꼬렛,コラッタ,Rattata,쥐포켓몬,도주,근성,의욕,,0.3m,3.5kg, 보라,노말,,,,레트라,,019,017,221,,059,,
20,20,,20,레트라,ラッタ,Raticate,쥐포켓몬,도주,근성,의욕,,0.7m,18.5kg, 갈색,노말,,,꼬렛,,,020,018,222,,060,,
21,21,,21,깨비참,オニスズメ,Spearow,아기새포켓몬,날카로운눈,,스나이퍼,,0.3m,2kg, 갈색,노말,비행,,,깨비드릴조,,021,013,223,,,,
22,22,,22,깨비드릴조,オニドリル,Fearow,부리포켓몬,날카로운눈,,스나이퍼,,1.2m,38kg, 갈색,노말,비행,,깨비참,,,022,014,224,,,,
23,23,,23,아보,アーボ,Ekans,뱀포켓몬,위협,탈피,긴장감,,2.0m,6.9kg, 보라,독,,,,아보크,,023,050,225,,,,
24,24,,24,아보크,アーボック,Arbok,코브라포켓몬,위협,탈피,긴장감,,3.5m,65.0kg, 보라,독,,,아보,,,024,051,226,,,,
25,25,,25,피카츄,ピカチュウ,Pikachu,전기쥐포켓몬,정전기,,피뢰침,,0.4m,6.0kg, 노랑,전기,,,피츄,라이츄,,025,022,156,104,,036,
26,26,,26,라이츄,ライチュウ,Raichu,쥐포켓몬,정전기,,피뢰침,,0.8m,30.0kg, 노랑,전기,,피츄,피카츄,,,026,023,157,105,,037,
27,27,,27,모래두지,サンド,Sandshrew,쥐포켓몬,모래숨기,,모래헤치기,,0.6m,12.0kg, 노랑,땅,,,,고지,,027,048,112,,113,,
28,28,,28,고지,サンドパン,Sandslash,쥐포켓몬,모래숨기,,모래헤치기,,1.0m,29.5kg, 노랑,땅,,,모래두지,,,028,049,113,,114,,
29,29,,29,니드런♀,ニドラン♀,Nidoran♀,독침포켓몬,독가시,투쟁심,의욕,,0.4m,7.0kg, 파랑,독,,,,니드리나,니드퀸,029,095,227,,,104,
30,30,,30,니드리나,ニドリーナ,Nidorina,독침포켓몬,독가시,투쟁심,의욕,,0.8m,20.0kg, 파랑,독,,,니드런♀,니드퀸,,030,096,228,,,105,
31,31,,31,니드퀸,ニドクイン,Nidoqueen,드릴포켓몬,독가시,투쟁심,우격다짐,,1.3m,60.0kg, 파랑,독,땅,니드런♀,니드리나,,,031,097,229,,,106,
32,32,,32,니드런♂,ニドラン♂,Nidoran♂,독침포켓몬,독가시,투쟁심,의욕,,0.5m,9.0kg, 보라,독,,,,니드리노,니드킹,032,098,230,,,107,
33,33,,33,니드리노,ニドリーノ,Nidorino,독침포켓몬,독가시,투쟁심,의욕,,0.9m,19.5kg, 보라,독,,,니드런♂,니드킹,,033,099,231,,,108,
34,34,,34,니드킹,ニドキング,Nidoking,드릴포켓몬,독가시,투쟁심,우격다짐,,1.4m,62.0kg, 보라,독,땅,니드런♂,니드리노,,,034,100,232,,,109,
35,35,,35,삐삐,ピッピ,Clefairy,요정포켓몬,헤롱헤롱바디,매직가드,프렌드가드,,0.6m,7.5kg, 담홍,페어리,노말,,삐,픽시,,035,041,233,100,089,,
36,36,,36,픽시,ピクシー,Clefable,요정포켓몬,헤롱헤롱바디,매직가드,천진,,1.3m,40.0kg, 담홍,페어리,노말,삐,삐삐,,,036,042,234,101,090,,
37,37,,37,식스테일,ロコン,Vulpix,여우포켓몬,타오르는불꽃,,가뭄,,0.6m,9.9kg, 갈색,불꽃,,,,나인테일,,037,127,153,,248,,
38,38,,38,나인테일,キュウコン,Ninetales,여우포켓몬,타오르는불꽃,,가뭄,,1.1m,19.9kg, 노랑,불꽃,,,식스테일,,,038,128,154,,249,,254
39,39,,39,푸린,プリン,Jigglypuff,풍선포켓몬,헤롱헤롱바디,승기,프렌드가드,,0.5m,5.5kg, 담홍,노말,페어리,,푸푸린,푸크린,,039,044,138,,282,120,
40,40,,40,푸크린,プクリン,Wigglytuff,풍선포켓몬,헤롱헤롱바디,승기,통찰,,1.0m,12.0kg, 담홍,노말,페어리,푸푸린,푸린,,,040,045,139,,283,,
41,41,,41,주뱃,ズバット,Zubat,박쥐포켓몬,정신력,,틈새포착,,0.8m,7.5kg, 보라,독,비행,,,골뱃,크로뱃,041,037,063,028,061,145,
42,42,,42,골뱃,ゴルバット,Golbat,박쥐포켓몬,정신력,,틈새포착,,1.6m,55.0kg, 보라,독,비행,,주뱃,크로뱃,,042,038,064,029,062,146,
43,43,,43,뚜벅쵸,ナゾノクサ,Oddish,식물포켓몬,엽록소,,도주,,0.5m,5.4kg, 파랑,풀,독,,,냄새꼬,라플레시아,043,083,088,,,105,
44,44,,44,냄새꼬,クサイハナ,Gloom,잡초포켓몬,엽록소,,악취,,0.8m,8.6kg, 파랑,풀,독,,뚜벅쵸,라플레시아,,044,084,089,,,106,
45,45,,45,라플레시아,ラフレシア,Vileplume,꽃포켓몬,엽록소,,포자,,1.2m,18.6kg, 빨강,풀,독,뚜벅쵸,냄새꼬,,,045,085,090,,,107,
46,46,,46,파라스,パラス,Paras,버섯포켓몬,포자,건조피부,습기,,0.3m,5.4kg, 빨강,벌레,풀,,,파라섹트,,046,070,235,,,,
47,47,,47,파라섹트,パラセクト,Parasect,버섯포켓몬,포자,건조피부,습기,,1.0m,29.5kg, 빨강,벌레,풀,,파라스,,,047,071,236,,,,
48,48,,48,콘팡,コンパン,Venonat,곤충포켓몬,복안,색안경,도주,,1.0m,30.0kg, 보라,벌레,독,,,도나리,,048,109,237,,,,
49,49,,49,도나리,モルフォン,Venomoth,독나방포켓몬,인분,색안경,미라클스킨,,1.5m,12.5kg, 보라,벌레,독,,콘팡,,,049,110,238,,,,
50,50,,50,디그다,ディグダ,Diglett,두더지포켓몬,모래숨기,개미지옥,모래의힘,,0.2m,0.8kg, 갈색,땅,,,,닥트리오,,050,134,239,,,,
51,51,,51,닥트리오,ダグトリオ,Dugtrio,두더지포켓몬,모래숨기,개미지옥,모래의힘,,0.7m,33.3kg, 갈색,땅,,,디그다,,,051,135,240,,,,
52,52,,52,나옹,ニャース,Meowth,요괴고양이포켓몬,픽업,테크니션,긴장감,,0.4m,4.2kg, 노랑,노말,,,,페르시온,,052,138,241,,,,
53,53,,53,페르시온,ペルシアン,Persian,샴고양이포켓몬,유연,테크니션,긴장감,,1.0m,32.0kg, 노랑,노말,,,나옹,,,053,139,242,,,,
54,54,,54,고라파덕,コダック,Psyduck,오리포켓몬,습기,날씨부정,쓱쓱,,0.8m,19.6kg, 노랑,물,,,,골덕,,054,140,158,043,028,059,
55,55,,55,골덕,ゴルダック,Golduck,오리포켓몬,습기,날씨부정,쓱쓱,,1.7m,76.6kg, 파랑,물,,,고라파덕,,,055,141,159,044,029,060,
56,56,,56,망키,マンキー,Mankey,돈숭이포켓몬,의기양양,분노의경혈,오기,,0.5m,28.0kg, 갈색,격투,,,,성원숭,,056,136,243,,,,
57,57,,57,성원숭,オコリザル,Primeape,돈숭이포켓몬,의기양양,분노의경혈,오기,,1.0m,32.0kg, 갈색,격투,,,망키,,,057,137,244,,,,
58,58,,58,가디,ガーディ,Growlithe,강아지포켓몬,위협,타오르는불꽃,정의의마음,,0.7m,19.0kg, 갈색,불꽃,,,,윈디,,058,129,,,051,,
59,59,,59,윈디,ウインディ,Arcanine,전설포켓몬,위협,타오르는불꽃,정의의마음,,1.9m,155.0kg, 갈색,불꽃,,,가디,,,059,130,246,,052,,
60,60,,60,발챙이,ニョロモ,Poliwag,올챙이포켓몬,저수,습기,쓱쓱,,0.6m,12.4kg, 파랑,물,,,,슈륙챙이,강챙이,060,072,247,,,,
61,61,,61,슈륙챙이,ニョロゾ,Poliwhirl,올챙이포켓몬,저수,습기,쓱쓱,,1.0m,20.0kg, 파랑,물,,,발챙이,강챙이,,061,073,248,,,,
62,62,,62,강챙이,ニョロボン,Poliwrath,올챙이포켓몬,저수,습기,쓱쓱,,1.3m,54.0kg, 파랑,물,격투,발챙이,슈륙챙이,,,062,074,249,,,,
63,63,,63,캐이시,ケーシィ,Abra,초능력포켓몬,싱크로,정신력,매직가드,,0.9m,19.5kg, 갈색,에스퍼,,,,윤겔라,후딘,063,089,039,020,,102,
64,64,,64,윤겔라,ユンゲラー,Kadabra,초능력포켓몬,싱크로,정신력,매직가드,,1.3m,56.5kg, 갈색,에스퍼,,,캐이시,후딘,,064,090,040,021,,103,
65,65,,65,후딘,フーディン,Alakazam,초능력포켓몬,싱크로,정신력,매직가드,,1.5m,48.0kg, 갈색,에스퍼,,캐이시,윤겔라,,,065,091,041,022,,104,
66,66,,66,알통몬,ワンリキー,Machop,괴력포켓몬,근성,노가드,불굴의마음,,0.8m,19.5kg, 회색,격투,,,,근육몬,괴력몬,066,142,073,040,,057,
67,67,,67,근육몬,ゴーリキー,Machoke,괴력포켓몬,근성,노가드,불굴의마음,,1.5m,70.5kg, 회색,격투,,,알통몬,괴력몬,,067,143,074,041,,058,
68,68,,68,괴력몬,カイリキー,Machamp,괴력포켓몬,근성,노가드,불굴의마음,,1.6m,130.0kg, 회색,격투,,알통몬,근육몬,,,068,144,075,042,,059,
69,69,,69,모다피,マダツボミ,Bellsprout,꽃포켓몬,엽록소,,먹보,,0.7m,4.0kg, 초록,풀,독,,,우츠동,우츠보트,069,064,250,,,,
70,70,,70,우츠동,ウツドン,Weepinbell,파리잡이포켓몬,엽록소,,먹보,,1.0m,6.4kg, 초록,풀,독,,모다피,우츠보트,,070,065,251,,,,
71,71,,71,우츠보트,ウツボット,Victreebel,파리잡이포켓몬,엽록소,,먹보,,1.7m,15.5kg, 초록,풀,독,모다피,우츠동,,,071,066,252,,,,
72,72,,72,왕눈해,メノクラゲ,Tentacool,해파리포켓몬,클리어바디,해감액,젖은접시,,0.9m,45.5kg, 파랑,물,독,,,독파리,,072,164,066,136,,025,
73,73,,73,독파리,ドククラゲ,Tentacruel,해파리포켓몬,클리어바디,해감액,젖은접시,,1.6m,55.0kg, 파랑,물,독,,왕눈해,,,073,165,067,137,,026,
74,74,,74,꼬마돌,イシツブテ,Geodude,암석포켓몬,돌머리,옹골참,모래숨기,,0.4m,20.0kg, 갈색,바위,땅,,,데구리,딱구리,074,034,057,031,,,
75,75,,75,데구리,ゴローン,Graveler,암석포켓몬,돌머리,옹골참,모래숨기,,1.0m,105.0kg, 갈색,바위,땅,,꼬마돌,딱구리,,075,035,058,032,,,
76,76,,76,딱구리,ゴローニャ,Golem,메가톤포켓몬,돌머리,옹골참,모래숨기,,1.4m,300.0kg, 갈색,바위,땅,꼬마돌,데구리,,,076,036,059,033,,,
77,77,,77,포니타,ポニータ,Ponyta,불의말포켓몬,도주,타오르는불꽃,불꽃몸,,1.0m,30.0kg, 노랑,불꽃,,,,날쌩마,,077,206,253,090,,,
78,78,,78,날쌩마,ギャロップ,Rapidash,불의말포켓몬,도주,타오르는불꽃,불꽃몸,,1.7m,95.0kg, 노랑,불꽃,,,포니타,,,078,207,254,091,,,
79,79,,79,야돈,ヤドン,Slowpoke,얼간이포켓몬,둔감,마이페이스,재생력,,1.2m,36.0kg, 담홍,물,에스퍼,,,야도란,,079,080,255,,,133,
80,80,,80,야도란,ヤドラン,Slowbro,기생포켓몬,둔감,마이페이스,재생력,,1.6m,78.5kg, 담홍,물,에스퍼,,야돈,,,080,081,256,,,134,
81,81,,81,코일,コイル,Magnemite,자석포켓몬,자력,옹골참,애널라이즈,,0.3m,6.0kg, 회색,전기,강철,,,레어코일,자포코일,081,119,084,178,048,069,047
82,82,,82,레어코일,レアコイル,Magneton,자석포켓몬,자력,옹골참,애널라이즈,,1.0m,60.0kg, 회색,전기,강철,,코일,자포코일,,082,120,083,179,049,,
83,83,,83,파오리,カモネギ,Farfetch'd,청둥오리포켓몬,날카로운눈,정신력,오기,,0.8m,15.0kg, 갈색,노말,비행,,,,,083,160,257,,,061,
84,84,,84,두두,ドードー,Doduo,쌍둥이새포켓몬,도주,일찍기상,갈지자걸음,,1.4m,39.2kg, 갈색,노말,비행,,,두트리오,,084,204,092,,,094,
85,85,,85,두트리오,ドードリオ,Dodrio,세쌍둥이포켓몬,도주,일찍기상,갈지자걸음,,1.8m,85.2kg, 갈색,노말,비행,,두두,,,085,205,093,,,095,
86,86,,86,쥬쥬,パウワウ,Seel,강치포켓몬,두꺼운지방,촉촉바디,아이스바디,,1.1m,90.0kg, 하양,물,,,,쥬레곤,,086,178,258,,265,,
87,87,,87,쥬레곤,ジュゴン,Dewgong,강치포켓몬,두꺼운지방,촉촉바디,아이스바디,,1.7m,120.0kg, 하양,물,얼음,,쥬쥬,,,087,179,259,,266,,
88,88,,88,질퍽이,ベトベター,Grimer,진흙포켓몬,악취,점착,독수,,0.9m,30.0kg, 보라,독,,,,질뻐기,,088,117,106,,064,,
89,89,,89,질뻐기,ベトベトン,Muk,진흙포켓몬,악취,점착,독수,,1.2m,30.0kg, 보라,독,,,질퍽이,,,089,118,107,,065,,
90,90,,90,셀러,シェルダー,Shellder,두조개포켓몬,조가비갑옷,스킬링크,방진,,0.3m,4.0kg, 보라,물,,,,파르셀,,090,171,260,,,036,
91,91,,91,파르셀,パルシェン,Cloyster,두조개포켓몬,조가비갑옷,스킬링크,방진,,1.5m,132.5kg, 보라,물,얼음,,셀러,,,091,172,261,,,037,
92,92,,92,고오스,ゴース,Gastly,가스포켓몬,부유,,,,1.3m,0.1kg, 보라,고스트,독,,,고우스트,팬텀,092,058,262,069,,,
93,93,,93,고우스트,ゴースト,Haunter,가스포켓몬,부유,,,,1.6m,0.1kg, 보라,고스트,독,,고오스,팬텀,,093,059,263,070,,,
94,94,,94,팬텀,ゲンガー,Gengar,그림자포켓몬,저주받은바디,,,,1.5m,40.5kg, 보라,고스트,독,고오스,고우스트,,,094,060,264,071,,,
95,95,,95,롱스톤,イワーク,Onix,돌뱀포켓몬,돌머리,옹골참,깨어진갑옷,,8.8m,210.0kg, 회색,바위,땅,,,강철톤,,095,062,265,034,071,053,
96,96,,96,슬리프,スリープ,Drowzee,최면포켓몬,불면,예지몽,정신력,,1.0m,32.4kg, 노랑,에스퍼,,,,슬리퍼,,096,087,266,,,,
97,97,,97,슬리퍼,スリーパー,Hypno,최면포켓몬,불면,예지몽,정신력,,1.6m,75.6kg, 노랑,에스퍼,,,슬리프,,,097,088,267,,,,
98,98,,98,크랩,クラブ,Krabby,게포켓몬,괴력집게,조가비갑옷,우격다짐,,0.4m,6.5kg, 빨강,물,,,,킹크랩,,098,166,268,,,,
99,99,,99,킹크랩,キングラー,Kingler,집게포켓몬,괴력집게,조가비갑옷,우격다짐,,1.3m,60.0kg, 빨강,물,,,크랩,,,099,167,269,,,,
100,100,,100,찌리리공,ビリリダマ,Voltorb,볼포켓몬,방음,정전기,유폭,,0.5m,10.4kg, 빨강,전기,,,,붐볼,,100,121,084,,,,
101,101,,101,붐볼,マルマイン,Electrode,볼포켓몬,방음,정전기,유폭,,1.2m,66.6kg, 빨강,전기,,,찌리리공,,,101,122,085,,,,
102,102,,102,아라리,タマタマ,Exeggcute,알포켓몬,엽록소,,수확,,0.4m,2.5kg, 담홍,풀,에스퍼,,,나시,,102,105,270,,,136,
103,103,,103,나시,ナッシー,Exeggutor,야자나무포켓몬,엽록소,,수확,,2.0m,120.0kg, 노랑,풀,에스퍼,,아라리,,,103,106,271,,,137,
104,104,,104,탕구리,カラカラ,Cubone,고독포켓몬,돌머리,피뢰침,전투무장,,0.4m,6.5kg, 갈색,땅,,,,텅구리,,104,208,272,,,060,
105,105,,105,텅구리,ガラガラ,Marowak,뼈다귀포켓몬,돌머리,피뢰침,전투무장,,1.0m,45.0kg, 갈색,땅,,,탕구리,,,105,209,273,,,061,
106,106,,106,시라소몬,サワムラー,Hitmonlee,킥포켓몬,유연,이판사판,곡예,,1.5m,49.8kg, 갈색,격투,,,배루키,,,106,146,274,,,,
107,107,,107,홍수몬,エビワラー,Hitmonchan,펀치포켓몬,날카로운눈,철주먹,정신력,,1.4m,50.2kg, 갈색,격투,,,배루키,,,107,147,275,,,,
108,108,,108,내루미,ベロリンガ,Lickitung,핥기포켓몬,둔감,마이페이스,날씨부정,,1.2m,65.5kg, 담홍,노말,,,,내룸벨트,,108,180,276,161,284,,
109,109,,109,또가스,ドガース,Koffing,독가스포켓몬,부유,,,,0.6m,1.0kg, 보라,독,,,,또도가스,,109,115,108,,046,,
110,110,,110,또도가스,マタドガス,Weezing,독가스포켓몬,부유,,,,1.2m,9.5kg, 보라,독,,,또가스,,,110,116,109,,047,,
111,111,,111,뿔카노,サイホーン,Rhyhorn,뿔포켓몬,돌머리,피뢰침,이판사판,,1.0m,115.0kg, 회색,땅,바위,,,코뿌리,거대코뿌리,111,211,169,186,,050,
112,112,,112,코뿌리,サイドン,Rhydon,드릴포켓몬,피뢰침,돌머리,이판사판,,1.9m,120.0kg, 회색,땅,바위,,뿔카노,거대코뿌리,,112,212,170,187,,051,
113,113,,113,럭키,ラッキー,Chansey,알포켓몬,자연회복,하늘의은총,치유의마음,,1.1m,34.6kg, 담홍,노말,,,핑복,해피너스,,113,222,277,097,,,
114,114,,114,덩쿠리,モンジャラ,Tangela,넝쿨포켓몬,리프가드,엽록소,재생력,,1.0m,35.0kg, 파랑,풀,,,,덩쿠림보,,114,182,278,181,217,,
115,115,,115,캥카,ガルーラ,Kangaskhan,가족포켓몬,일찍기상,배짱,정신력,,2.2m,80kg, 갈색,노말,,,,메가캥카,,115,210,279,,,062,
116,116,,116,쏘드라,タッツー,Horsea,드래곤포켓몬,쓱쓱,스나이퍼,습기,,0.4m,8.0kg, 파랑,물,,,,시드라,킹드라,116,190,184,,,039,
117,117,,117,시드라,シードラ,Seadra,드래곤포켓몬,독가시,스나이퍼,습기,,1.2m,25.0kg, 파랑,물,,,쏘드라,킹드라,,117,191,185,,,040,
118,118,,118,콘치,トサキント,Goldeen,금붕어포켓몬,수의베일,쓱쓱,피뢰침,,0.6m,15.0kg, 빨강,물,,,,왕콘치,,118,078,050,078,,053,
119,119,,119,왕콘치,アズマオウ,Seaking,금붕어포켓몬,수의베일,쓱쓱,피뢰침,,1.3m,39.0kg, 빨강,물,,,콘치,,,119,079,051,079,,054,
120,120,,120,별가사리,ヒトデマン,Staryu,별포켓몬,발광,자연회복,애널라이즈,,0.8m,34.5kg, 갈색,물,,,,아쿠스타,,120,169,143,,238,034,
121,121,,121,아쿠스타,スターミー,Starmie,수수께끼포켓몬,발광,자연회복,애널라이즈,,1.1m,80.0kg, 보라,물,에스퍼,,별가사리,,,121,170,144,,239,035,
122,122,,122,마임맨,バリヤード,Mr.Mime,배리어포켓몬,방음,필터,테크니션,,1.3m,54.5kg, 담홍,에스퍼,페어리,,흉내내,,,122,158,280,095,,114,
123,123,,123,스라크,ストライク,Scyther,버마재비포켓몬,벌레의알림,테크니션,불굴의마음,,1.5m,56.0kg, 초록,벌레,비행,,,핫삼,,123,111,281,195,,,
124,124,,124,루주라,ルージュラ,Jynx,인간형태포켓몬,둔감,예지몽,건조피부,,1.4m,40.6kg, 빨강,얼음,에스퍼,,뽀뽀라,,,124,155,282,,,,
125,125,,125,에레브,エレブー,Electabuzz,전기포켓몬,정전기,,의기양양,,1.1m,30.0kg, 노랑,전기,,,에레키드,에레키블,,125,157,283,198,057,,
126,126,,126,마그마,ブーバー,Magmar,불뿜기포켓몬,불꽃몸,,의기양양,,1.3m,44.5kg, 빨강,불꽃,,,마그비,마그마번,,126,153,284,201,054,,
127,127,,127,쁘사이저,カイロス,Pinsir,뿔집게포켓몬,괴력집게,틀깨기,자기과신,,1.5m,55.0kg, 갈색,벌레,,,,메가쁘사이저,,127,113,167,,146,130,
128,128,,128,켄타로스,ケンタロス,Tauros,성난소포켓몬,위협,분노의경혈,우격다짐,,1.4m,88.4kg, 갈색,노말,,,,,,128,150,285,,,125,
129,129,,129,잉어킹,コイキング,Magikarp,물고기포켓몬,쓱쓱,,주눅,,0.9m,10.0kg, 빨강,물,,,,갸라도스,,129,076,052,023,,049,
130,130,,130,갸라도스,ギャラドス,Gyarados,흉악포켓몬,위협,,자기과신,,6.5m,235.0kg, 파랑,물,비행,,잉어킹,,,130,077,053,024,,050,
131,131,,131,라프라스,ラプラス,Lapras,탈것포켓몬,저수,조가비갑옷,촉촉바디,,2.5m,220.0kg, 파랑,물,얼음,,,,,131,224,286,,242,150,
132,132,,132,메타몽,メタモン,Ditto,변신포켓몬,유연,,괴짜,,0.3m,4.0kg, 보라,노말,,,,,,132,092,287,,261,138,
133,133,,133,이브이,イーブイ,Eevee,진화포켓몬,도주,적응력,위험예지,,0.3m,6.5kg, 갈색,노말,,,,,,133,184,288,163,091,077,
134,134,,134,샤미드,シャワーズ,Vaporeon,거품뿜기포켓몬,저수,,촉촉바디,,1.0m,29.0kg, 파랑,물,,,이브이,,,134,185,289,164,092,078,
135,135,,135,쥬피썬더,サンダース,Jolteon,번개포켓몬,축전,,속보,,0.8m,24.5kg, 노랑,전기,,,이브이,,,135,186,290,165,093,079,
136,136,,136,부스터,ブースター,Flareon,불꽃포켓몬,타오르는불꽃,,근성,,0.9m,25.0kg, 빨강,불꽃,,,이브이,,,136,187,291,166,094,080,
137,137,,137,폴리곤,ポリゴン,Porygon,가상포켓몬,트레이스,다운로드,애널라이즈,,0.8m,36.5kg, 담홍,노말,,,,폴리곤2,폴리곤Z,137,220,292,192,,,
138,138,,138,암나이트,オムナイト,Omanyte,소용돌이포켓몬,쓱쓱,조가비갑옷,깨어진갑옷,,0.4m,7.5kg, 파랑,바위,물,,,암스타,,138,225,293,,,,
139,139,,139,암스타,オムスター,Omastar,소용돌이포켓몬,쓱쓱,조가비갑옷,깨어진갑옷,,1.0m,35.0kg, 파랑,바위,물,,암나이트,,,139,226,294,,,,
140,140,,140,투구,カブト,Kabuto,껍질포켓몬,쓱쓱,전투무장,깨어진갑옷,,0.5m,11.5kg, 갈색,바위,물,,,투구푸스,,140,227,295,,,,
141,141,,141,투구푸스,カブトプス,Kabutops,껍질포켓몬,쓱쓱,전투무장,깨어진갑옷,,1.3m,40.5kg, 갈색,바위,물,,투구,,,141,228,296,,,,
142,142,,142,프테라,プテラ,Aerodactyl,화석포켓몬,돌머리,프레셔,긴장감,,1.8m,59.0kg, 보라,바위,비행,,,메가프테라,,142,229,297,,,068,
143,143,,143,잠만보,カビゴン,Snorlax,졸음포켓몬,면역,두꺼운지방,먹보,,2.1m,460.0kg, 검정,노말,,,먹고자,,,143,230,298,113,,139,
144,144,,144,프리져,フリーザー,Articuno,냉동포켓몬,프레셔,,눈숨기,,1.7m,55.4kg, 파랑,얼음,비행,,,,,144,240,299,,,151,
145,145,,145,썬더,サンダー,Zapdos,전기포켓몬,프레셔,,정전기,,1.6m,52.6kg, 노랑,전기,비행,,,,,145,241,300,,,152,
146,146,,146,파이어,ファイヤー,Moltres,화염포켓몬,프레셔,,불꽃몸,,2.0m,60.0kg, 노랑,불꽃,비행,,,,,146,242,301,,,153,
147,147,,147,미뇽,ミニリュウ,Dratini,드래곤포켓몬,탈피,,이상한비늘,,1.8m,3.3kg, 파랑,드래곤,,,,신뇽,망나뇽,147,246,302,,,,
148,148,,148,신뇽,ハクリュー,Dragonair,드래곤포켓몬,탈피,,이상한비늘,,4.0m,16.5kg, 파랑,드래곤,,,미뇽,망나뇽,,148,247,303,,,,
149,149,,149,망나뇽,カイリュー,Dragonite,드래곤포켓몬,정신력,,멀티스케일,,2.2m,210.0kg, 갈색,드래곤,비행,미뇽,신뇽,,,149,248,304,,,,
150,150,,150,뮤츠,ミュウツー,Mewtwo,유전포켓몬,프레셔,,긴장감,,2.0m,122.0kg, 보라,에스퍼,,,,메가뮤츠X,,150,254,305,,,,
151,151,,151,뮤,ミュウ,Mew,신종포켓몬,싱크로,,,,0.4m,4.0kg, 담홍,에스퍼,,,,,,151,255,306,,,,
152,152,,152,치코리타,チコリータ,Chikorita,잎사귀포켓몬,심록,,리프가드,,0.9m,6.4kg, 초록,풀,,,,베이리프,메가니움,,001,307,,,,
153,153,,153,베이리프,べイリーフ,Bayleef,잎사귀포켓몬,심록,,리프가드,,1.2m,15.8kg, 초록,풀,,,치코리타,메가니움,,,002,308,,,,
154,154,,154,메가니움,メガニウム,Meganium,허브포켓몬,심록,,리프가드,,1.8m,100.5kg, 초록,풀,,치코리타,베이리프,,,,003,309,,,,
155,155,,155,브케인,ヒノアラシ,Cyndaquil,불쥐포켓몬,맹화,,타오르는불꽃,,0.5m,7.9kg, 노랑,불꽃,,,,마그케인,블레이범,,004,310,,,,
156,156,,156,마그케인,マグマラシ,Quilava,화산포켓몬,맹화,,타오르는불꽃,,0.9m,19.0kg, 노랑,불꽃,,,브케인,블레이범,,,005,311,,,,
157,157,,157,블레이범,バクフーン,Typhlosion,화산포켓몬,맹화,,타오르는불꽃,,1.7m,79.5kg, 노랑,불꽃,,브케인,마그케인,,,,006,312,,,,
158,158,,158,리아코,ワニノコ,Totodile,큰턱포켓몬,급류,,우격다짐,,0.6m,9.5kg, 파랑,물,,,,엘리게이,장크로다일,,007,313,,,,
159,159,,159,엘리게이,アリゲイツ,Croconaw,큰턱포켓몬,급류,,우격다짐,,1.1m,25.0kg, 파랑,물,,,리아코,장크로다일,,,008,,,,,
160,160,,160,장크로다일,オーダイル,Feraligatr,큰턱포켓몬,급류,,우격다짐,,2.3m,88.8kg, 파랑,물,,리아코,엘리게이,,,,009,,,,,
161,161,,161,꼬리선,オタチ,Sentret,망보기포켓몬,도주,날카로운눈,통찰,,0.8m,6.0kg, 갈색,노말,,,,다꼬리,,,019,316,,,109,
162,162,,162,다꼬리,オオタチ,Furret,긴몸통포켓몬,도주,날카로운눈,통찰,,1.8m,32.5kg, 갈색,노말,,,꼬리선,,,,20,317,,,110,
163,163,,163,부우부,ホーホー,Hoothoot,부엉이포켓몬,불면,날카로운눈,색안경,,0.7m,21.2kg, 갈색,노말,비행,,,야부엉,,,015,318,106,,,
164,164,,164,야부엉,ヨルノズク,Noctowl,부엉이포켓몬,불면,날카로운눈,색안경,,1.6m,40.8kg, 갈색,노말,비행,,부우부,,,,016,319,107,,,
165,165,,165,레디바,レディバ,Ledyba,별다섯포켓몬,일찍기상,벌레의알림,주눅,,1.0m,10.8kg, 빨강,벌레,비행,,,레디안,,,30,320,,,074,
166,166,,166,레디안,レディアン,Ledian,별다섯포켓몬,일찍기상,벌레의알림,철주먹,,1.4m,35.6kg, 빨강,벌레,비행,,레디바,,,,031,321,,,075,
167,167,,167,페이검,イトマル,Spinarak,실뿜기포켓몬,불면,벌레의알림,스나이퍼,,0.5m,8.5kg, 초록,벌레,독,,,아리아도스,,,32,322,,,,
168,168,,168,아리아도스,アリアドス,Ariados,롱다리포켓몬,불면,벌레의알림,스나이퍼,,1.1m,33.5kg, 빨강,벌레,독,,페이검,,,,033,323,,,,
169,169,,169,크로뱃,クロバット,Crobat,박쥐포켓몬,정신력,,틈새포착,,1.8m,75.0kg, 보라,독,비행,주뱃,골뱃,,,,039,065,030,063,147,
170,170,,170,초라기,チョンチー,Chinchou,아귀포켓몬,축전,발광,저수,,0.5m,12.0kg, 파랑,물,전기,,,랜턴,,,176,181,,,147,
171,171,,171,랜턴,ランターン,Lanturn,라이트포켓몬,축전,발광,저수,,1.2m,22.5kg, 파랑,물,전기,,초라기,,,,177,182,,,148,
172,172,,172,피츄,ピチュー,Pichu,아기쥐포켓몬,정전기,,피뢰침,,0.3m,2.0kg, 노랑,전기,,,,피카츄,라이츄,,021,155,103,,035,
173,173,,173,삐,ピィ,Cleffa,별포켓몬,헤롱헤롱바디,매직가드,프렌드가드,,0.3m,3.0kg, 담홍,페어리,노말,,,삐삐,픽시,,040,324,099,088,,
174,174,,174,푸푸린,ププリン,Igglybuff,풍선포켓몬,헤롱헤롱바디,승기,프렌드가드,,0.3m,1.0kg, 담홍,노말,페어리,,,푸린,푸크린,,043,137,,281,,
175,175,,175,토게피,トゲピー,Togepi,바늘알포켓몬,의욕,하늘의은총,대운,,0.3m,1.5kg, 하양,페어리,노말,,,토게틱,토게키스,,046,325,173,,,
176,176,,176,토게틱,トゲチック,Togetic,행복포켓몬,의욕,하늘의은총,대운,,0.6m,3.2kg, 하양,페어리,비행,,토게피,토게키스,,,047,326,174,,,
177,177,,177,네이티,ネイティ,Natu,아기새포켓몬,싱크로,일찍기상,매직미러,,0.2m,2.0kg, 초록,에스퍼,비행,,,네이티오,,,161,162,,,,
178,178,,178,네이티오,ネイティオ,Xatu,정령포켓몬,싱크로,일찍기상,매직미러,,1.5m,15.0kg, 초록,에스퍼,비행,,네이티,,,,162,163,,,,
179,179,,179,메리프,メリープ,Mareep,솜털포켓몬,정전기,,플러스,,0.6m,7.8kg, 하양,전기,,,,보송송,전룡,,053,327,,025,127,
180,180,,180,보송송,モココ,Flaaffy,솜털포켓몬,정전기,,플러스,,0.8m,13.3kg, 담홍,전기,,,메리프,전룡,,,54,328,,026,128,
181,181,,181,전룡,デンリュウ,Ampharos,라이트포켓몬,정전기,,플러스,,1.4m,61.5kg, 노랑,전기,,메리프,보송송,,,,055,329,,027,129,
182,182,,182,아르코,キレイハナ,Bellossom,꽃포켓몬,엽록소,,치유의마음,,0.4m,5.8kg, 초록,풀,,뚜벅쵸,냄새꼬,,,,086,091,,,108,
183,183,,183,마릴,マリル,Marill,물쥐포켓몬,두꺼운지방,천하장사,초식,,0.4m,8.5kg, 파랑,물,페어리,,루리리,마릴리,,,132,055,125,031,042,
184,184,,184,마릴리,マリルリ,Azumarill,물토끼포켓몬,두꺼운지방,천하장사,초식,,0.8m,28.5kg, 파랑,물,페어리,루리리,마릴,,,,133,056,126,032,043,
185,185,,185,꼬지모,ウソッキー,Sudowoodo,흉내포켓몬,옹골참,돌머리,주눅,,1.2m,38.0kg, 갈색,바위,,,꼬지지,,,,107,330,093,,,
186,186,,186,왕구리,ニョロトノ,Politoed,개구리포켓몬,저수,습기,잔비,,1.1m,33.9kg, 초록,물,,발챙이,슈륙챙이,,,,075,331,,,,
187,187,,187,통통코,ハネッコ,Hoppip,솜풀포켓몬,엽록소,리프가드,틈새포착,,0.4m,0.5kg, 담홍,풀,비행,,,두코,솜솜코,,67,332,,,135,
188,188,,188,두코,ポポッコ,Skiploom,솜풀포켓몬,엽록소,리프가드,틈새포착,,0.6m,1.0kg, 초록,풀,비행,,통통코,솜솜코,,,068,333,,,136,
189,189,,189,솜솜코,ワタッコ,Jumpluff,솜풀포켓몬,엽록소,리프가드,틈새포착,,0.8m,3.0kg, 파랑,풀,비행,통통코,두코,,,,069,334,,,137,
190,190,,190,에이팜,エイパム,Aipom,긴꼬리포켓몬,도주,픽업,스킬링크,,0.8m,11.5kg, 보라,노말,,,,겟핸보숭,,,123,335,063,,,
191,191,,191,해너츠,ヒマナッツ,Sunkern,씨앗포켓몬,엽록소,선파워,일찍기상,,0.3m,1.8kg, 노랑,풀,,,,해루미,,,103,336,,020,,
192,192,,192,해루미,キマワリ,Sunflora,태양포켓몬,엽록소,선파워,일찍기상,,0.8m,8.5kg, 노랑,풀,,,해너츠,,,,104,337,,021,,
193,193,,193,왕자리,ヤンヤンマ,Yanma,얇은날개포켓몬,가속,복안,통찰,,1.2m,38.0kg, 빨강,벌레,비행,,,메가자리,,,101,338,183,286,087,
194,194,,194,우파,ウパー,Wooper,수어포켓몬,습기,저수,천진,,0.4m,8.5kg, 파랑,물,땅,,,누오,,,056,339,117,,,
195,195,,195,누오,ヌオー,Quagsire,수어포켓몬,습기,저수,천진,,1.4m,75.0kg, 파랑,물,땅,,우파,,,,057,340,118,,,
196,196,,196,에브이,エーフィ,Espeon,태양포켓몬,싱크로,,매직미러,,0.9m,26.5kg, 보라,에스퍼,,,이브이,,,,188,341,167,095,081,
197,197,,197,블래키,ブラッキー,Umbreon,달빛포켓몬,싱크로,,정신력,,1.0m,27.0kg, 검정,악,,,이브이,,,,189,342,168,096,082,
198,198,,198,니로우,ヤミカラス,Murkrow,어둠포켓몬,불면,대운,짓궂은마음,,0.5m,2.1kg, 검정,악,비행,,,돈크로우,,,213,343,074,,,
199,199,,199,야도킹,ヤドキング,Slowking,임금포켓몬,둔감,마이페이스,재생력,,2.0m,79.5kg, 담홍,물,에스퍼,,야돈,,,,082,344,,,134,
200,200,,200,무우마,ムウマ,Misdreavus,야명포켓몬,부유,,,,0.7m,1.0kg, 회색,고스트,,,,무우마직,,,219,345,072,,,
201,201,,201,안농,アンノーン,Unown,심볼포켓몬,부유,,,,0.5m,5.0kg, 검정,에스퍼,,,,,,,061,346,114,,,
202,202,,202,마자용,ソーナンス,Wobbuffet,참기포켓몬,그림자밟기,,텔레파시,,1.3m,28.5kg, 파랑,에스퍼,,,마자,,,,108,161,,,119,
203,203,,203,키링키,キリンリキ,Girafarig,긴목포켓몬,정신력,일찍기상,초식,,1.5m,41.5kg, 노랑,노말,에스퍼,,,,,,149,164,121,,,
204,204,,204,피콘,クヌギダマ,Pineco,도롱이벌레포켓몬,옹골참,,방진,,0.6m,7.2kg, 회색,벌레,,,,쏘콘,,,93,347,,,,
205,205,,205,쏘콘,フォレトス,Forretress,도롱이벌레포켓몬,옹골참,,방진,,1.2m,125.8kg, 보라,벌레,강철,,피콘,,,,094,348,,,,
206,206,,206,노고치,ノコッチ,Dunsparce,땅뱀포켓몬,하늘의은총,도주,주눅,,1.5m,14.0kg, 노랑,노말,,,,,,,052,349,,035,040,
207,207,,207,글라이거,グライガー,Gligar,날전갈포켓몬,괴력집게,모래숨기,면역,,1.1m,64.8kg, 보라,땅,비행,,,글라이온,,,193,350,153,221,,
208,208,,208,강철톤,ハガネール,Steelix,철뱀포켓몬,옹골참,돌머리,우격다짐,,9.2m,400kg, 회색,강철,땅,,롱스톤,,,,063,351,035,072,054,
209,209,,209,블루,,,,,,,,,,,,,,,,,,,,,,,
210,210,,210,그랑블루,グランブル,Granbull,요정포켓몬,위협,속보,주눅,,1.4m,48.7kg, 보라,페어리,노말,,블루,,,,126,353,,,072,
211,211,,211,침바루,ハリーセン,Qwilfish,풍선포켓몬,쓱쓱,독가시,위협,,0.5m,3.9kg, 회색,물,독,,,,,,163,354,,,038,
212,212,,212,핫삼,ハッサム,Scizor,집게포켓몬,벌레의알림,테크니션,라이트메탈,,1.8m,118.0kg, 빨강,벌레,강철,,스라크,,,,112,355,196,,,
213,213,,213,단단지,ツボツボ,Shuckle,발효포켓몬,옹골참,먹보,심술꾸러기,,0.6m,20.5kg, 노랑,벌레,바위,,,,,,168,356,,232,,
214,214,,214,헤라크로스,ヘラクロス,Heracross,외뿔포켓몬,벌레의알림,근성,자기과신,,1.5m,54.0kg, 파랑,벌레,격투,,,메가헤라크로스,,,114,168,062,145,131,
215,215,,215,포푸니,ニューラ,Sneasel,갈고리손톱포켓몬,정신력,날카로운눈,나쁜손버릇,,0.9m,28.0kg, 검정,악,얼음,,,포푸니라,,,218,357,144,252,,
216,216,,216,깜지곰,ヒメグマ,Teddiursa,아기곰포켓몬,픽업,속보,꿀모으기,,0.6m,8.8kg, 갈색,노말,,,,링곰,,,198,358,,,,
217,217,,217,링곰,リングマ,Ursaring,동면포켓몬,근성,속보,긴장감,,1.8m,125.8kg, 갈색,노말,,,깜지곰,,,,199,359,,,,
218,218,,218,마그마그,マグマッグ,Slugma,용암포켓몬,마그마의무장,불꽃몸,깨어진갑옷,,0.7m,35.0kg, 빨강,불꽃,,,,마그카르고,,,216,103,,,,
219,219,,219,마그카르고,マグカルゴ,Magcargo,용암포켓몬,마그마의무장,불꽃몸,깨어진갑옷,,0.8m,55.0kg, 빨강,불꽃,바위,,마그마그,,,,217,104,,,,
220,220,,220,꾸꾸리,ウリムー,Swinub,산돼지포켓몬,둔감,눈숨기,두꺼운지방,,0.4m,6.5kg, 갈색,얼음,땅,,,메꾸리,맘모꾸리,,195,360,203,258,,
221,221,,221,메꾸리,イノムー,Piloswine,멧돼지포켓몬,둔감,눈숨기,두꺼운지방,,1.1m,55.8kg, 갈색,얼음,땅,,꾸꾸리,맘모꾸리,,,196,361,204,259,,
222,222,,222,코산호,サニーゴ,Corsola,산호포켓몬,자연회복,의욕,재생력,,0.6m,5.0kg, 담홍,물,바위,,,,,,173,180,,237,146,
223,223,,223,총어,テッポウオ,Remoraid,분사포켓몬,의욕,스나이퍼,변덕쟁이,,0.6m,12.0kg, 회색,물,,,,대포무노,,,174,362,132,235,144,
224,224,,224,대포무노,オクタン,Octillery,분사포켓몬,흡반,스나이퍼,변덕쟁이,,0.9m,28.5kg, 빨강,물,,,총어,,,,175,363,133,236,145,
225,225,,225,딜리버드,デリバード,Delibird,배달포켓몬,의욕,의기양양,불면,,0.9m,16.0kg, 빨강,얼음,비행,,,,,,194,364,,254,090,
226,226,,226,만타인,マンタイン,Mantine,연포켓몬,저수,쓱쓱,수의베일,,2.1m,220.0kg, 보라,물,비행,,타만타,,,,202,365,141,234,140,
227,227,,227,무장조,エアームド,Skarmory,갑옷새포켓몬,날카로운눈,옹골참,깨어진갑옷,,1.7m,50.5kg, 회색,강철,비행,,,,,,203,115,,203,,
228,228,,228,델빌,デルビル,Houndour,다크포켓몬,일찍기상,타오르는불꽃,긴장감,,0.6m,10.8kg, 검정,악,불꽃,,,헬가,,,214,366,176,,075,
229,229,,229,헬가,ヘルガー,Houndoom,다크포켓몬,일찍기상,타오르는불꽃,긴장감,,1.4m,35.0kg, 검정,악,불꽃,,델빌,,,,215,367,177,,076,
230,230,,230,킹드라,キングドラ,Kingdra,드래곤포켓몬,쓱쓱,스나이퍼,습기,,1.8m,152.0kg, 파랑,물,드래곤,쏘드라,시드라,,,,192,186,,,041,
231,231,,231,코코리,ゴマゾウ,Phanpy,긴코포켓몬,픽업,,모래숨기,,0.5m,33.5kg, 파랑,땅,,,,코리갑,,,200,165,,,,
232,232,,232,코리갑,ドンファン,Donphan,갑옷포켓몬,옹골참,,모래숨기,,1.1m,120.0kg, 회색,땅,,,코코리,,,,201,166,,,,
233,233,,233,폴리곤2,ポリゴン２,Porygon2,가상포켓몬,트레이스,다운로드,애널라이즈,,0.6m,32.5kg, 빨강,노말,,,폴리곤,폴리곤Z,,,221,368,193,,,
234,234,,234,노라키,オドシシ,Stantler,큰뿔포켓몬,위협,통찰,초식,,1.4m,71.2kg, 갈색,노말,,,,,,,131,369,,,,
235,235,,235,루브도,ドーブル,Smeargle,그림장이포켓몬,마이페이스,테크니션,변덕쟁이,,1.2m,58.0kg, 하양,노말,,,,,,,159,370,,,124,
236,236,,236,배루키,バルキー,Tyrogue,싸움포켓몬,근성,불굴의마음,의기양양,,0.7m,21.0kg, 보라,격투,,,,,,,145,371,,,,
237,237,,237,카포에라,カポエラー,Hitmontop,물구나무포켓몬,위협,테크니션,불굴의마음,,1.4m,48.0kg, 갈색,격투,,,배루키,,,,148,372,,,,
238,238,,238,뽀뽀라,ムチュール,Smoochum,뽀뽀포켓몬,둔감,예지몽,촉촉바디,,0.4m,6.0kg, 담홍,얼음,에스퍼,,,루주라,,,154,373,,,,
239,239,,239,에레키드,エレキッド,Elekid,전기포켓몬,정전기,,의기양양,,0.6m,23.5kg, 노랑,전기,,,,에레브,에레키블,,156,374,197,056,,
240,240,,240,마그비,ブビィ,Magby,불씨포켓몬,불꽃몸,,의기양양,,0.7m,21.4kg, 빨강,불꽃,,,,마그마,마그마번,,152,375,200,053,,
241,241,,241,밀탱크,ミルタンク,Miltank,젖소포켓몬,두꺼운지방,배짱,초식,,1.2m,75.5kg, 담홍,노말,,,,,,,151,376,,,126,
242,242,,242,해피너스,ハピナス,Blissey,행복포켓몬,자연회복,하늘의은총,치유의마음,,1.5m,46.8kg, 담홍,노말,,핑복,럭키,,,,223,377,098,,,
243,243,,243,라이코,ライコウ,Raikou,우뢰포켓몬,프레셔,,축전,,1.9m,178kg, 노랑,전기,,,,,,,238,378,,,,
244,244,,244,앤테이,エンテイ,Entei,화산포켓몬,프레셔,,타오르는불꽃,,2.1m,198kg, 갈색,불꽃,,,,,,,239,,,,,
245,245,,245,스이쿤,スイクン,Suicune,오로라포켓몬,프레셔,,저수,,2.0m,187.0kg, 파랑,물,,,,,,,245,380,,,,
246,246,,246,애버라스,ヨーギラス,Larvitar,바위표면포켓몬,근성,,모래숨기,,0.6m,72.0kg, 초록,바위,땅,,,데기라스,마기라스,,249,381,,292,,
247,247,,247,데기라스,サナギラス,Pupitar,탄환포켓몬,탈피,,,,1.2m,152.0kg, 회색,바위,땅,,애버라스,마기라스,,,250,382,,293,,
248,248,,248,마기라스,バンギラス,Tyranitar,갑옷포켓몬,모래날림,,긴장감,,2.0m,202.0kg, 초록,바위,악,애버라스,데기라스,,,,251,383,,294,,
249,249,,249,루기아,ルギア,Lugia,잠수포켓몬,프레셔,,멀티스케일,,5.2m,216kg, 하양,에스퍼,비행,,,,,,252,384,,,,
250,250,,250,칠색조,ホウオウ,Ho-Oh,무지개색포켓몬,프레셔,,재생력,,3.8m,199.0kg, 빨강,불꽃,비행,,,,,,253,,,,,
251,251,,251,세레비,セレビィ,Celebi,시간이동포켓몬,자연회복,,,,0.6m,5.0kg, 초록,에스퍼,풀,,,,,,256,386,,,,
252,252,,252,나무지기,キモリ,Treecko,숲도마뱀포켓몬,심록,,곡예,,0.5m,5kg, 초록,풀,,,,나무돌이,나무킹,,,001,,,,
253,253,,253,나무돌이,ジュプトル,Grovyle,숲도마뱀포켓몬,심록,,곡예,,0.9m,21.6kg, 초록,풀,,,나무지기,나무킹,,,,002,,,,
254,254,,254,나무킹,ジュカイン,Sceptile,밀림포켓몬,심록,,곡예,,1.7m,52.2kg, 초록,풀,,나무지기,나무돌이,,,,,003,,,,
255,255,,255,아차모,アチャモ,Torchic,풋내기포켓몬,맹화,,가속,,0.4m,2.5kg, 빨강,불꽃,,,,영치코,번치코,,,004,,,,
256,256,,256,영치코,ワカシャモ,Combusken,꼬마닭포켓몬,맹화,,가속,,0.9m,19.5kg, 빨강,불꽃,격투,,아차모,번치코,,,,005,,,,
257,257,,257,번치코,バシャーモ,Blaziken,맹화포켓몬,맹화,,가속,,1.9m,52.0kg, 빨강,불꽃,격투,아차모,영치코,,,,,006,,,,
258,258,,258,물짱이,ミズゴロウ,Mudkip,늪물고기포켓몬,급류,,습기,,0.4m,7.6kg, 파랑,물,,,,늪짱이,대짱이,,,007,,,,
259,259,,259,늪짱이,ヌマクロー,Marshtomp,늪물고기포켓몬,급류,,습기,,0.7m,28.0kg, 파랑,물,땅,,물짱이,대짱이,,,,008,,,,
260,260,,260,대짱이,ラグラージ,Swampert,늪물고기포켓몬,급류,,습기,,1.5m,81.9kg, 파랑,물,땅,물짱이,늪짱이,,,,,009,,,,
261,261,,261,포챠나,ポチエナ,Poochyena,물어뜯기포켓몬,도주,속보,주눅,,0.5m,13.6kg, 회색,악,,,,그라에나,,,,010,,,,
262,262,,262,그라에나,グラエナ,Mightyena,물어뜯기포켓몬,위협,속보,자기과신,,1.0m,37.0kg, 회색,악,,,포챠나,,,,,011,,,,
263,263,,263,지그제구리,ジグザグマ,Zigzagoon,앙증너구리포켓몬,픽업,먹보,속보,,0.4m,17.5kg, 갈색,노말,,,,직구리,,,,012,,,012,
264,264,,264,직구리,マッスグマ,Linoone,돌진포켓몬,픽업,먹보,속보,,0.5m,32.5kg, 하양,노말,,,지그제구리,,,,,013,,,013,
265,265,,265,개무소,ケムッソ,Wurmple,애벌레포켓몬,인분,,도주,,0.3m,3.6kg, 빨강,벌레,,,,실쿤,뷰티플라이,,,014,048,,,
266,266,,266,실쿤,カラサリス,Silcoon,번데기포켓몬,탈피,,탈피,,0.6m,10.0kg, 하양,벌레,,,개무소,뷰티플라이,,,,015,049,,,
267,267,,267,뷰티플라이,アゲハント,Beautifly,나비포켓몬,벌레의알림,,투쟁심,,1.0m,28.4kg, 노랑,벌레,비행,개무소,실쿤,,,,,016,050,,,
268,268,,268,카스쿤,マユルド,Cascoon,번데기포켓몬,탈피,,탈피,,0.7m,11.5kg, 보라,벌레,,,개무소,독케일,,,,017,051,,,
269,269,,269,독케일,ドクケイル,Dustox,독나방포켓몬,인분,,복안,,1.2m,31.6kg, 초록,벌레,독,개무소,카스쿤,,,,,018,052,,,
270,270,,270,연꽃몬,ハスボー,Lotad,개구리밥포켓몬,쓱쓱,젖은접시,마이페이스,,0.5m,2.6kg, 초록,물,풀,,,로토스,로파파,,,019,,,,
271,271,,271,로토스,ハスブレロ,Lombre,명랑함포켓몬,쓱쓱,젖은접시,마이페이스,,1.2m,32.5kg, 초록,물,풀,,연꽃몬,로파파,,,,020,,,,
272,272,,272,로파파,ルンパッパ,Ludicolo,행복하기포켓몬,쓱쓱,젖은접시,마이페이스,,1.5m,55.0kg, 초록,물,풀,연꽃몬,로토스,,,,,021,,,,
273,273,,273,도토링,タネボー,Seedot,도토리포켓몬,엽록소,일찍기상,나쁜손버릇,,0.5m,4.0kg, 갈색,풀,,,,잎새코,다탱구,,,022,,,,
274,274,,274,잎새코,コノハナ,Nuzleaf,꾀부리기포켓몬,엽록소,일찍기상,나쁜손버릇,,1.0m,28.0kg, 갈색,풀,악,,도토링,다탱구,,,,023,,,,
275,275,,275,다탱구,ダーテング,Shiftry,부정하기포켓몬,엽록소,일찍기상,나쁜손버릇,,1.3m,59.6kg, 갈색,풀,악,도토링,잎새코,,,,,024,,,,
276,276,,276,테일로,スバメ,Taillow,아기제비포켓몬,근성,,배짱,,0.3m,2.3kg, 파랑,노말,비행,,,스왈로,,,,025,,,019,
277,277,,277,스왈로,オオスバメ,Swellow,제비포켓몬,근성,,배짱,,0.7m,19.8kg, 파랑,노말,비행,,테일로,,,,,026,,,020,
278,278,,278,갈모매,キャモメ,Wingull,괭이갈매기포켓몬,날카로운눈,,젖은접시,,0.6m,9.5kg, 하양,물,비행,,,패리퍼,,,,027,119,212,017,
279,279,,279,패리퍼,ペリッパー,Pelipper,물새포켓몬,날카로운눈,잔비,젖은접시,,1.2m,28.0kg, 노랑,물,비행,,갈모매,,,,,028,120,213,018,
280,280,,280,랄토스,ラルトス,Ralts,느낌포켓몬,싱크로,트레이스,텔레파시,,0.4m,6.6kg, 하양,에스퍼,페어리,,,킬리아,가디안,,,029,157,,064,
281,281,,281,킬리아,キルリア,Kirlia,감정포켓몬,싱크로,트레이스,텔레파시,,0.8m,20.2kg, 하양,에스퍼,페어리,,랄토스,가디안,,,,030,158,,065,
282,282,,282,가디안,サーナイト,Gardevoir,포용포켓몬,싱크로,트레이스,텔레파시,,1.6m,48.4kg, 하양,에스퍼,페어리,랄토스,킬리아,,,,,031,159,,066,
283,283,,283,비구술,アメタマ,Surskit,소금쟁이포켓몬,쓱쓱,,젖은접시,,0.5m,1.7kg, 파랑,벌레,물,,,비나방,,,,032,,,047,
284,284,,284,비나방,アメモース,Masquerain,안구포켓몬,위협,,긴장감,,0.8m,3.6kg, 파랑,벌레,비행,,비구술,,,,,033,,,048,
285,285,,285,버섯꼬,キノココ,Shroomish,버섯포켓몬,포자,포이즌힐,속보,,0.4m,4.5kg, 갈색,풀,,,,버섯모,,,,034,,,,
286,286,,286,버섯모,キノガッサ,Breloom,버섯포켓몬,포자,포이즌힐,테크니션,,1.2m,39.2kg, 초록,풀,격투,,버섯꼬,,,,,035,,,,
287,287,,287,게을로,ナマケロ,Slakoth,게으름뱅이포켓몬,게으름,,,,0.8m,24.0kg, 갈색,노말,,,,발바로,게을킹,,,036,,276,,
288,288,,288,발바로,ヤルキモノ,Vigoroth,성난원숭이포켓몬,의기양양,,,,1.4m,46.5kg, 하양,노말,,,게을로,게을킹,,,,037,,277,,
289,289,,289,게을킹,ケッキング,Slaking,나태함포켓몬,게으름,,,,2.0m,130.5kg, 갈색,노말,,게을로,발바로,,,,,038,,278,,
290,290,,290,토중몬,ツチニン,Nincada,신참포켓몬,복안,,도주,,0.5m,5.5kg, 회색,벌레,땅,,,아이스크,,,,042,,,111,
291,291,,291,아이스크,テッカニン,Ninjask,시노비포켓몬,가속,,틈새포착,,0.8m,12.0kg, 노랑,벌레,비행,,토중몬,,,,,043,,,112,
292,292,,292,껍질몬,ヌケニン,Shedinja,허물포켓몬,불가사의부적,,,,0.8m,1.2kg, 갈색,벌레,고스트,,,,,,,044,,,113,
293,293,,293,소곤룡,ゴニョニョ,Whismur,속삭임포켓몬,방음,,주눅,,0.6m,16.3kg, 담홍,노말,,,,노공룡,폭음룡,,,045,,,140,
294,294,,294,노공룡,ドゴーム,Loudred,큰목소리포켓몬,방음,,배짱,,1.0m,40.5kg, 파랑,노말,,,소곤룡,폭음룡,,,,046,,,141,
295,295,,295,폭음룡,バクオング,Exploud,소음포켓몬,방음,,배짱,,1.5m,84.0kg, 파랑,노말,,소곤룡,노공룡,,,,,047,,,142,
296,296,,296,마크탕,マクノシタ,Makuhita,근성포켓몬,두꺼운지방,근성,우격다짐,,1.0m,86.4kg, 노랑,격투,,,,하리뭉,,,,048,,,095,
297,297,,297,하리뭉,ハリテヤマ,Hariyama,손바닥치기포켓몬,두꺼운지방,근성,우격다짐,,2.3m,253.8kg, 갈색,격투,,,마크탕,,,,,049,,,096,
298,298,,298,루리리,ルリリ,Azurill,물방울포켓몬,두꺼운지방,천하장사,초식,,0.2m,2.0kg, 파랑,노말,페어리,,,마릴,마릴리,,,054,124,030,041,
299,299,,299,코코파스,ノズパス,Nosepass,콤파스포켓몬,옹골참,자력,모래의힘,,1.0m,97.0kg, 회색,바위,,,,대코파스,,,,060,155,164,093,
300,300,,300,에나비,エネコ,Skitty,아기고양이포켓몬,헤롱헤롱바디,노말스킨,미라클스킨,,0.6m,11.0kg, 담홍,노말,,,,델케티,,,,061,,078,078,
301,301,,301,델케티,エネコロロ,Delcatty,새침떼기포켓몬,헤롱헤롱바디,노말스킨,미라클스킨,,1.1m,32.6kg, 보라,노말,,,에나비,,,,,062,,079,079,
302,302,,302,깜까미,ヤミラミ,Sableye,어둠포켓몬,날카로운눈,시간벌기,짓궂은마음,,0.5m,11.0kg, 보라,악,고스트,,,메가깜까미,,,,068,,,123,
303,303,,303,입치트,クチート,Mawile,배반포켓몬,괴력집게,위협,우격다짐,,0.6m,11.5kg, 검정,강철,페어리,,,메가입치트,,,,069,,,063,
304,304,,304,가보리,ココドラ,Aron,철갑옷포켓몬,옹골참,돌머리,헤비메탈,,0.4m,60kg, 회색,강철,바위,,,갱도라,보스로라,,,070,,166,,
305,305,,305,갱도라,コドラ,Lairon,철갑옷포켓몬,옹골참,돌머리,헤비메탈,,0.9m,120.0kg, 회색,강철,바위,,가보리,보스로라,,,,071,,167,,
306,306,,306,보스로라,ボスゴドラ,Aggron,철갑옷포켓몬,옹골참,돌머리,헤비메탈,,2.1m,360.0kg, 회색,강철,바위,가보리,갱도라,,,,,72,,168,,
307,307,,307,요가랑,アサナン,Meditite,명상포켓몬,순수한힘,,텔레파시,,0.6m,11.2kg, 파랑,격투,에스퍼,,,요가램,,,,076,086,,143,
308,308,,308,요가램,チャーレム,Medicham,명상포켓몬,순수한힘,,텔레파시,,1.3m,31.5kg, 빨강,격투,에스퍼,,요가랑,,,,,077,087,,144,
309,309,,309,썬더라이,ラクライ,Electrike,천둥번개포켓몬,정전기,피뢰침,마이너스,,0.6m,15.2kg, 초록,전기,,,,썬더볼트,,,,078,,,073,
310,310,,310,썬더볼트,ライボルト,Manectric,방전포켓몬,정전기,피뢰침,마이너스,,1.5m,40.2kg, 노랑,전기,,,썬더라이,,,,,079,,,074,
311,311,,311,플러시,プラスル,Plusle,응원포켓몬,플러스,,피뢰침,,0.4m,4.2kg, 노랑,전기,,,,,,,,080,,,096,
312,312,,312,마이농,マイナン,Minun,응원포켓몬,마이너스,,축전,,0.4m,4.2kg, 노랑,전기,,,,,,,,081,,,097,
313,313,,313,볼비트,バルビート,Volbeat,반딧불포켓몬,발광,벌레의알림,짓궂은마음,,0.7m,17.7kg, 회색,벌레,,,,,,,,86,,,133,
314,314,,314,네오비트,イルミーゼ,Illumise,반딧불포켓몬,둔감,색안경,짓궂은마음,,0.6m,17.7kg, 보라,벌레,,,,,,,,087,,,134,
315,315,,315,로젤리아,ロゼリア,Roselia,가시포켓몬,독가시,자연회복,리프가드,,0.3m,2.0kg, 초록,풀,독,,꼬몽울,로즈레이드,,,,094,026,134,072,
316,316,,316,꼴깍몬,ゴクリン,Gulpin,밥통포켓몬,해감액,점착,먹보,,0.4m,10.3kg, 초록,독,,,,꿀꺽몬,,,,095,,,098,
317,317,,317,꿀꺽몬,マルノーム,Swalot,독봉지포켓몬,점착,해감액,먹보,,1.7m,80.0kg, 보라,독,,,꼴깍몬,,,,,096,,,099,
318,318,,318,샤프니아,キバニア,Carvanha,사나움포켓몬,까칠한피부,,가속,,0.8m,20.8kg, 빨강,물,악,,,샤크니아,,,,97,,,055,
319,319,,319,샤크니아,サメハダー,Sharpedo,난폭포켓몬,까칠한피부,,가속,,1.8m,88.8kg, 파랑,물,악,,샤프니아,,,,,98,,,056,
320,320,,320,고래왕자,ホエルコ,Wailmer,둥근고래포켓몬,둔감,수의베일,프레셔,,2.0m,130.0kg, 파랑,물,,,,고래왕,,,,099,,240,027,
321,321,,321,고래왕,ホエルオー,Wailord,뜸고래포켓몬,둔감,수의베일,프레셔,,14.5m,398.0kg, 파랑,물,,,고래왕자,,,,,100,,241,028,
322,322,,322,둔타,ドンメル,Numel,둔감포켓몬,둔감,단순,마이페이스,,0.7m,24.0kg, 노랑,불꽃,땅,,,폭타,,,,101,,204,,
323,323,,323,폭타,バクーダ,Camerupt,분화포켓몬,마그마의무장,하드록,분노의경혈,,1.9m,220.0kg, 빨강,불꽃,땅,,둔타,,,,,102,,205,,
324,324,,324,코터스,コータス,Torkoal,석탄포켓몬,하얀연기,가뭄,조가비갑옷,,0.5m,80.4kg, 갈색,불꽃,,,,,,,,105,,,,
325,325,,325,피그점프,バネブー,Spoink,튀다포켓몬,마이페이스,두꺼운지방,먹보,,0.7m,30.6kg, 검정,에스퍼,,,,피그킹,,,,110,,206,007,
326,326,,326,피그킹,ブーピッグ,Grumpig,조작포켓몬,마이페이스,두꺼운지방,먹보,,0.9m,71.5kg, 보라,에스퍼,,,피그점프,,,,,111,,207,008,
327,327,,327,얼루기,パッチール,Spinda,얼룩팬더포켓몬,마이페이스,갈지자걸음,심술꾸러기,,0.6m,11.5kg, 갈색,노말,,,,,,,,114,,,,
328,328,,328,톱치,ナックラー,Trapinch,개미지옥포켓몬,괴력집게,개미지옥,우격다짐,,0.7m,15.0kg, 갈색,땅,,,,비브라바,플라이곤,,,116,,121,,
329,329,,329,비브라바,ビブラーバ,Vibrava,진동포켓몬,부유,,,,1.1m,15.3kg, 초록,땅,드래곤,,톱치,플라이곤,,,,117,,122,,
330,330,,330,플라이곤,フライゴン,Flygon,정령포켓몬,부유,,,,2.0m,82.0kg, 초록,땅,드래곤,톱치,비브라바,,,,,118,,123,,
331,331,,331,선인왕,サボネア,Cacnea,선인장포켓몬,모래숨기,,저수,,0.4m,51.3kg, 초록,풀,,,,밤선인,,,,119,,,,
332,332,,332,밤선인,ノクタス,Cacturne,허수아비포켓몬,모래숨기,,저수,,1.3m,77.4kg, 초록,풀,악,,선인왕,,,,,120,,,,
333,333,,333,파비코,チルット,Swablu,솜새포켓몬,자연회복,,날씨부정,,0.4m,1.2kg, 파랑,노말,비행,,,파비코리,,,,121,172,246,,
334,334,,334,파비코리,チルタリス,Altaria,허밍포켓몬,자연회복,,날씨부정,,1.1m,20.6kg, 파랑,드래곤,비행,,파비코,,,,,122,172,247,,
335,335,,335,쟝고,ザングース,Zangoose,고양이족제비포켓몬,면역,,독폭주,,1.3m,40.3kg, 하양,노말,,,,,,,,123,,186,005,
336,336,,336,세비퍼,ハブネーク,Seviper,송곳뱀포켓몬,탈피,,틈새포착,,2.7m,52.5kg, 검정,독,,,,,,,,124,,187,006,
337,337,,337,루나톤,ルナトーン,Lunatone,별똥별포켓몬,부유,,,,1.0m,168.0kg, 노랑,바위,에스퍼,,,,,,,125,,214,012,
338,338,,338,솔록,ソルロック,Solrock,별똥별포켓몬,부유,,,,1.2m,154.0kg, 빨강,바위,에스퍼,,,,,,,126,,215,013,
339,339,,339,미꾸리,ドジョッチ,Barboach,수염물고기포켓몬,둔감,위험예지,촉촉바디,,0.4m,1.9kg, 회색,물,땅,,,메깅,,,,127,080,,,
340,340,,340,메깅,ナマズン,Whiscash,수염물고기포켓몬,둔감,위험예지,촉촉바디,,0.9m,23.6kg, 파랑,물,땅,,미꾸리,,,,,128,081,,041,
341,341,,341,가재군,ヘイガニ,Corphish,건달포켓몬,괴력집게,조가비갑옷,적응력,,0.6m,11.5kg, 빨강,물,,,,가재장군,,,,129,,279,051,
342,342,,342,가재장군,シザリガー,Crawdaunt,불량배포켓몬,괴력집게,조가비갑옷,적응력,,1.1m,32.8kg, 빨강,물,악,,가재군,,,,,130,,280,052,
343,343,,343,오뚝군,ヤジロン,Baltoy,토우포켓몬,부유,,,,0.5m,21.5kg, 갈색,땅,에스퍼,,,점토도리,,,,131,,169,,
344,344,,344,점토도리,ネンドール,Claydol,토우포켓몬,부유,,,,1.5m,108.0kg, 검정,땅,에스퍼,,오뚝군,,,,,132,,170,,
345,345,,345,릴링,リリーラ,Lileep,바다나리포켓몬,흡반,,마중물,,1.0m,23.8kg, 보라,바위,풀,,,릴리요,,,,133,,,,
346,346,,346,릴리요,ユレイドル,Cradily,바위단지포켓몬,흡반,,마중물,,1.5m,60.4kg, 초록,바위,풀,,릴링,,,,,134,,,,
347,347,,347,아노딥스,アノプス,Anorith,고대새우포켓몬,전투무장,,쓱쓱,,0.7m,12.5kg, 회색,바위,벌레,,,아말도,,,,135,,,,
348,348,,348,아말도,アーマルド,Armaldo,갑주포켓몬,전투무장,,쓱쓱,,1.5m,68.2kg, 회색,바위,벌레,,아노딥스,,,,,136,,,,
349,349,,349,빈티나,ヒンバス,Feebas,물고기포켓몬,쓱쓱,둔감,적응력,,0.6m,7.4kg, 갈색,물,,,,밀로틱,,,,140,138,,,
350,350,,350,밀로틱,ミロカロス,Milotic,사랑포켓몬,이상한비늘,승기,헤롱헤롱바디,,6.2m,162.0kg, 담홍,물,,,빈티나,,,,,141,139,,,
351,351,,351,캐스퐁,ポワルン,Castform,날씨포켓몬,기분파,,,,0.3m,0.8kg, 하양,노말,,,,,,,,142,,163,,
352,352,,352,켈리몬,カクレオン,kecleon,색변화포켓몬,변색,,변환자재,,1.0m,22.0kg, 초록,노말,,,,,,,,145,,,116,
353,353,,353,어둠대신,カゲボウズ,Shuppet,인형포켓몬,불면,통찰,저주받은바디,,0.6m,2.3kg, 검정,고스트,,,,다크펫,,,,146,,210,,
354,354,,354,다크펫,ジュペッタ,Banette,봉제인형포켓몬,불면,통찰,저주받은바디,,1.1m,12.5kg, 검정,고스트,,,어둠대신,,,,,147,,211,,
355,355,,355,해골몽,ヨマワル,Duskull,마중포켓몬,부유,,통찰,,0.8m,15.0kg, 검정,고스트,,,,미라몽,야느와르몽,,,148,189,,,
356,356,,356,미라몽,サマヨール,Dusclops,손짓포켓몬,프레셔,,통찰,,1.6m,30.6kg, 검정,고스트,,,해골몽,야느와르몽,,,,149,190,,,
357,357,,357,트로피우스,トロピウス,Tropius,후르츠포켓몬,엽록소,선파워,수확,,2.0m,100.0kg, 초록,풀,비행,,,,,,,150,185,288,,
358,358,,358,치렁,チリーン,Chimecho,풍경포켓몬,부유,,,,0.6m,1.0kg, 파랑,에스퍼,,,랑딸랑,,,,,151,083,,112,
359,359,,359,앱솔,アブソル,Absol,재난포켓몬,프레셔,대운,정의의마음,,1.2m,47.0kg, 하양,악,,,,메가앱솔,,,,152,209,216,009,
360,360,,360,마자,ソーナノ,Wynaut,명랑포켓몬,그림자밟기,,텔레파시,,0.6m,14.0kg, 파랑,에스퍼,,,,마자용,,,,160,,,118,
361,361,,361,눈꼬마,ユキワラシ,Snorunt,눈우산포켓몬,정신력,아이스바디,변덕쟁이,,0.7m,16.8kg, 회색,얼음,,,,얼음귀신,,,,171,206,,,
362,362,,362,얼음귀신,オニゴーリ,Glalie,얼굴포켓몬,정신력,아이스바디,변덕쟁이,,1.5m,256.5kg, 회색,얼음,,,눈꼬마,,,,,172,207,,,
363,363,,363,대굴레오,タマザラシ,Spheal,손뼉포켓몬,두꺼운지방,아이스바디,둔감,,0.8m,39.5kg, 파랑,얼음,물,,,씨레오,씨카이저,,,173,,243,,
364,364,,364,씨레오,トドグラー,Sealeo,공돌리기포켓몬,두꺼운지방,아이스바디,둔감,,1.1m,87.6kg, 파랑,얼음,물,,대굴레오,씨카이저,,,,174,,244,,
365,365,,365,씨카이저,トドゼルガ,Walrein,얼음깨기포켓몬,두꺼운지방,아이스바디,둔감,,1.4m,150.6kg, 파랑,얼음,물,대굴레오,씨레오,,,,,175,,245,,
366,366,,366,진주몽,パールル,Clamperl,쌍각포켓몬,조가비갑옷,,주눅,,0.4m,52.5kg, 파랑,물,,,,헌테일,,,,176,,,141,
367,367,,367,헌테일,ハンテール,Huntail,깊은바다포켓몬,쓱쓱,,수의베일,,1.7m,27.0kg, 파랑,물,,,진주몽,,,,,177,,,142,
368,368,,368,분홍장이,サクラビス,Gorebyss,남해포켓몬,쓱쓱,,촉촉바디,,1.8m,22.6kg, 담홍,물,,,진주몽,,,,,178,,,143,
369,369,,369,시라칸,ジーランス,Relicanth,장수포켓몬,쓱쓱,돌머리,옹골참,,1.0m,23.4kg, 회색,물,바위,,,,,,,179,,,042,
370,370,,370,사랑동이,ラブカス,Luvdisc,랑데부포켓몬,쓱쓱,,촉촉바디,,0.6m,8.7kg, 담홍,물,,,,,,,,183,,,029,
371,371,,371,아공이,タツベイ,Bagon,돌머리포켓몬,돌머리,,우격다짐,,0.6m,42.1kg, 파랑,드래곤,,,,쉘곤,보만다,,,187,,,014,
372,372,,372,쉘곤,コモルー,Shelgon,인내포켓몬,돌머리,,방진,,1.1m,110.5kg, 하양,드래곤,,,아공이,보만다,,,,188,,,015,
373,373,,373,보만다,ボーマンダ,Salamence,드래곤포켓몬,위협,,자기과신,,1.5m,102.6kg, 파랑,드래곤,비행,아공이,쉘곤,,,,,189,,,016,
374,374,,374,메탕,ダンバル,Beldum,철공포켓몬,클리어바디,,라이트메탈,,0.6m,95.2kg, 파랑,강철,에스퍼,,,메탕구,메타그로스,,,190,,262,,
375,375,,375,메탕구,メタング,Metang,철발톱포켓몬,클리어바디,,라이트메탈,,1.2m,202.5kg, 파랑,강철,에스퍼,,메탕,메타그로스,,,,191,,263,,
376,376,,376,메타그로스,メタグロス,Metagross,무쇠다리포켓몬,클리어바디,,라이트메탈,,1.6m,550.0kg, 파랑,강철,에스퍼,메탕,메탕구,,,,,192,,264,,
377,377,,377,레지락,レジロック,Regirock,바위산포켓몬,클리어바디,,옹골참,,1.7m,230.0kg, 갈색,바위,,,,,,,,193,,,,
378,378,,378,레지아이스,レジアイス,Regice,빙산포켓몬,클리어바디,,아이스바디,,1.8m,175.0kg, 파랑,얼음,,,,,,,,194,,,,
379,379,,379,레지스틸,レジスチル,Registeel,쇠철포켓몬,클리어바디,,라이트메탈,,1.9m,205.0kg, 회색,강철,,,,,,,,195,,,,
380,380,,380,라티아스,ラティアス,Latias,무한포켓몬,부유,,,,1.4m,40.0kg, 빨강,드래곤,에스퍼,,,메가라티아스,,,,196,,,,
381,381,,381,라티오스,ラティオス,Latios,무한포켓몬,부유,,,,2.0m,60.0kg, 파랑,드래곤,에스퍼,,,메가라티오스,,,,"197,206(6세대)",,,,
382,382,,382,가이오가,カイオーガ,Kyogre,해저포켓몬,잔비,,,,4.5m,352.0kg, 파랑,물,,,,원시가이오가,,,,198,,,,
383,383,,383,그란돈,グラードン,Groudon,대륙포켓몬,가뭄,,,,3.5m,950.0kg, 빨강,땅,,,,원시그란돈,,,,199,,,,
384,384,,384,레쿠쟈,レックウザ,Rayquaza,천공포켓몬,에어록,,,,7.0m,206.5kg, 초록,드래곤,비행,,,메가레쿠쟈,,,,200,,,,
385,385,,385,지라치,ジラーチ,Jirachi,희망사항포켓몬,하늘의은총,,,,0.3m,1.1kg, 노랑,강철,에스퍼,,,,,,,201,,,,
386,386_1,,386,테오키스 (노말폼),,,,,,,,,,,,,,,,,,,,,,,
387,386_2,,386,테오키스 (어택폼),,,,,,,,,,,,,,,,,,,,,,,
388,386_3,,386,테오키스 (디펜스폼),,,,,,,,,,,,,,,,,,,,,,,
389,386_4,,386,테오키스 (스피드폼),,,,,,,,,,,,,,,,,,,,,,,
390,387,,387,모부기,ナエトル,Turtwig,어린잎포켓몬,심록,,조가비갑옷,,0.4m,10.2kg, 초록,풀,,,,수풀부기,토대부기,,,,001,,,
391,388,,388,수풀부기,ハヤシガメ,Grotle,나무숲포켓몬,심록,,조가비갑옷,,1.1m,97kg, 초록,풀,,,모부기,토대부기,,,,,002,,,
392,389,,389,토대부기,ドダイトス,Torterra,대륙포켓몬,심록,,조가비갑옷,,2.2m,310kg, 초록,풀,땅,모부기,수풀부기,,,,,,003,,,
393,390,,390,불꽃숭이,ヒコザル,Chimchar,꼬마원숭이포켓몬,맹화,,철주먹,,0.5m,6.2kg, 갈색,불꽃,,,,파이숭이,초염몽,,,,004,,,
394,391,,391,파이숭이,モウカザル,Monferno,개구쟁이포켓몬,맹화,,철주먹,,0.9m,22.0kg, 갈색,불꽃,격투,,불꽃숭이,초염몽,,,,,005,,,
395,392,,392,초염몽,ゴウカザル,Infernape,화염포켓몬,맹화,,철주먹,,1.2m,55kg, 갈색,불꽃,격투,불꽃숭이,파이숭이,,,,,,006,,,
396,393,,393,팽도리,ポッチャマ,Piplup,펭귄포켓몬,급류,,오기,,0.4m,5.2kg, 파랑,물,,,,팽태자,엠페르트,,,,007,,,
397,394,,394,팽태자,ポッタイシ,Prinplup,펭귄포켓몬,급류,,오기,,0.8m,23kg, 파랑,물,,,팽도리,엠페르트,,,,,008,,,
398,395,,395,엠페르트,エンペルト,Empoleon,황제포켓몬,급류,,오기,,1.7m,84.5kg, 파랑,물,강철,팽도리,팽태자,,,,,,009,,,
399,396,,396,찌르꼬,ムックル,Starly,찌르레기포켓몬,날카로운눈,,이판사판,,0.3m,2.0kg, 갈색,노말,비행,,,찌르버드,찌르호크,,,,010,,099,
400,397,,397,찌르버드,ムクバード,Staravia,찌르레기포켓몬,위협,,이판사판,,0.6m,15.5kg, 갈색,노말,비행,,찌르꼬,찌르호크,,,,,011,,100,
401,398,,398,찌르호크,ムクホーク,Staraptor,맹금포켓몬,위협,,이판사판,,1.2m,24.9kg, 갈색,노말,비행,찌르꼬,찌르버드,,,,,,012,,101,
402,399,,399,비버니,ビッパ,Bidoof,둥글쥐포켓몬,단순,천진,변덕쟁이,,0.5m,20.0kg, 갈색,노말,,,,비버통,,,,,013,,038,
403,400,,400,비버통,ビーダル,Bibarel,비버포켓몬,단순,천진,변덕쟁이,,1.0m,31.5kg, 갈색,노말,물,,비버니,,,,,,014,,039,
404,401,,401,귀뚤뚜기,コロボーシ,Kricketot,귀뚜라미포켓몬,탈피,,도주,,0.3m,2.2kg, 빨강,벌레,,,,귀뚤톡크,,,,,015,,,
405,402,,402,귀뚤톡크,コロトック,Kricketune,귀뚜라미포켓몬,벌레의알림,,테크니션,,1.0m,25.5kg, 빨강,벌레,,,귀뚤뚜기,,,,,,016,,,
406,403,,403,꼬링크,コリンク,Shinx,섬광포켓몬,투쟁심,위협,근성,,0.5m,9.5kg, 파랑,전기,,,,럭시오,렌트라,,,,017,,,
407,404,,404,럭시오,ルクシオ,Luxio,전광포켓몬,투쟁심,위협,근성,,0.9m,30.5kg, 파랑,전기,,,꼬링크,렌트라,,,,,018,,,
408,405,,405,렌트라,レントラー,Luxray,안광포켓몬,투쟁심,위협,근성,,1.4m,42.0kg, 파랑,전기,,꼬링크,럭시오,,,,,,019,,,
409,406,,406,꼬몽울,スボミー,Budew,꽃봉오리포켓몬,자연회복,독가시,리프가드,,0.2m,1.2kg, 초록,풀,독,,,로젤리아,로즈레이드,,,,025,133,071,
410,407,,407,로즈레이드,ロズレイド,Roserade,부케포켓몬,자연회복,독가시,테크니션,,0.9m,14.5kg, 초록,풀,독,꼬몽울,로젤리아,,,,,,027,135,073,
411,408,,408,두개도스,ズガイドス,Cranidos,박치기포켓몬,틀깨기,,우격다짐,,0.9m,31.5kg, 파랑,바위,,,,램펄드,,,,,036,,,
412,409,,409,램펄드,ラムパルド,Rampardos,박치기포켓몬,틀깨기,,우격다짐,,1.6m,102.5kg, 파랑,바위,,,두개도스,,,,,,037,,,
413,410,,410,방패톱스,タテトプス,Shieldon,실드포켓몬,옹골참,,방음,,0.5m,57.0kg, 회색,바위,강철,,,바리톱스,,,,,038,,,
414,411,,411,바리톱스,トリデプス,Bastiodon,실드포켓몬,옹골참,,방음,,1.3m,149.5kg, 회색,바위,강철,,방패톱스,,,,,,039,,,
415,412,,412,도롱충이,ミノムッチ,Burmy,도롱이벌레포켓몬,탈피,,방진,,0.2m,3.4kg, 회색,벌레,,,,도롱마담,,,,,045,,044,
416,413_1,,413,도롱마담 (초목도롱),,,,,,,,,,,,,,,,,,,,,,,
417,413_2,,413,도롱마담 (모래땅도롱),,,,,,,,,,,,,,,,,,,,,,,
418,413_3,,413,도롱마담 (슈레도롱),,,,,,,,,,,,,,,,,,,,,,,
419,414,,414,나메일,ガーメイル,Mothim,나방포켓몬,벌레의알림,,색안경,,0.9m,23.3kg, 노랑,벌레,비행,,도롱충이,,,,,,047,,046,
420,415,,415,세꿀버리,ミツハニー,Combee,꼬마벌포켓몬,꿀모으기,,의욕,,0.3m,5.5kg, 노랑,벌레,비행,,,비퀸,,,,,053,142,076,
421,416,,416,비퀸,ビークイン,Vespiquen,벌집포켓몬,프레셔,,긴장감,,1.2m,38.5kg, 노랑,벌레,비행,,세꿀버리,,,,,,054,143,077,
422,417,,417,파치리스,パチリス,Pachirisu,전기다람쥐포켓몬,도주,픽업,축전,,0.4m,3.9kg, 하양,전기,,,,,,,,,055,,132,
423,418,,418,브이젤,ブイゼル,Buizel,바다족제비포켓몬,쓱쓱,,수의베일,,0.7m,29.5kg, 갈색,물,,,,플로젤,,,,,056,149,,
424,419,,419,플로젤,フローゼル,Floatzel,바다족제비포켓몬,쓱쓱,,수의베일,,1.1m,33.5kg, 갈색,물,,,브이젤,,,,,,057,150,,
425,420,,420,체리버,チェリンボ,Cherubi,버찌포켓몬,엽록소,,,,0.4m,3.3kg, 담홍,풀,,,,체리꼬,,,,,058,,,
426,421,,421,체리꼬,チェリム,Cherrim,벚꽃포켓몬,플라워기프트,,,,0.5m,9.3kg, 담홍,풀,,,체리버,,,,,,59,,,
427,422,,422,깝질무,カラナクシ,Shellos,갯민숭달팽이포켓몬,점착,마중물,모래의힘,,0.3m,6.3kg, 보라,물,,,,트리토돈,,,,,060,,,
428,423,,423,트리토돈,トリトドン,Gastrodon,갯민숭달팽이포켓몬,점착,마중물,모래의힘,,0.9m,29.9kg, 보라,물,땅,,깝질무,,,,,,061,,,
429,424,,424,겟핸보숭,エテボース,Ambipom,긴꼬리포켓몬,테크니션,픽업,스킬링크,,1.2m,20.3kg, 보라,노말,,,에이팜,,,,124,,064,,,
430,425,,425,흔들풍손,フワンテ,Drifloon,풍선포켓몬,곡예,유폭,열폭주,,0.4m,1.2kg, 보라,고스트,비행,,,둥실라이드,,,,,065,208,001,
431,426,,426,둥실라이드,フワライド,Drifblim,기구포켓몬,곡예,유폭,열폭주,,1.2m,15.0kg, 보라,고스트,비행,,흔들풍손,,,,,,066,209,002,
432,427,,427,이어롤,ミミロル,Buneary,토끼포켓몬,도주,서투름,유연,,0.4m,5.5kg, 갈색,노말,,,,이어롭,,,,,067,080,,
433,428,,428,이어롭,ミミロップ,Lopunny,토끼포켓몬,헤롱헤롱바디,서투름,유연,,1.2m,33.3kg, 갈색,노말,,,이어롤,,,,,,068,081,,
434,429,,429,무우마직,ムウマージ,Mismagius,매지컬포켓몬,부유,,,,0.9m,4.4kg, 보라,고스트,,,무우마,,,,,,073,,,
435,430,,430,돈크로우,ドンカラス,Honchkrow,큰형님포켓몬,불면,대운,자기과신,,0.9m,27.3kg, 검정,악,비행,,니로우,,,,,,075,,,
436,431,,431,나옹마,ニャルマー,Glameow,내숭포켓몬,유연,마이페이스,날카로운눈,,0.5m,3.9kg, 회색,노말,,,,몬냥이,,,,,076,,,
437,432,,432,몬냥이,ブニャット,Purugly,얼룩고양이포켓몬,두꺼운지방,마이페이스,오기,,1.0m,43.8kg, 회색,노말,,,나옹마,,,,,,077,,,
438,433,,433,랑딸랑,リーシャン,Chingling,방울포켓몬,부유,,,,0.2m,0.6kg, 노랑,에스퍼,,,,치렁,,,,,082,,111,
439,434,,434,스컹뿡,スカンプー,Stunky,스컹크포켓몬,악취,유폭,날카로운눈,,0.4m,19.2kg, 보라,독,악,,,스컹탱크,,,,,084,,102,
440,435,,435,스컹탱크,スカタンク,Skuntank,스컹크포켓몬,악취,유폭,날카로운눈,,1.0m,38.0kg, 보라,독,악,,스컹뿡,,,,,,084,,103,
441,436,,436,동미러,ドーミラー,Bronzor,청동포켓몬,부유,내열,헤비메탈,,0.5m,60.5kg, 초록,강철,에스퍼,,,동탁군,,,,,088,250,,
442,437,,437,동탁군,ドータクン,Bronzong,동탁포켓몬,부유,내열,헤비메탈,,1.3m,187.0kg, 초록,강철,에스퍼,,동미러,,,,,,089,251,,
443,438,,438,꼬지지,ウソハチ,Bonsly,분재포켓몬,옹골참,돌머리,주눅,,0.5m,15.0kg, 갈색,바위,,,,꼬지모,,,,,092,,,
444,439,,439,흉내내,マネネ,MimeJr.,따라하기포켓몬,방음,필터,테크니션,,0.6m,13.0kg, 담홍,에스퍼,페어리,,,마임맨,,,,,094,,113,
445,440,,440,핑복,ピンプク,Happiny,소꿉놀이포켓몬,자연회복,하늘의은총,프렌드가드,,0.6m,24.4kg, 담홍,노말,,,,럭키,해피너스,,,,096,,,
446,441,,441,페라페,ペラップ,Chatot,음표포켓몬,날카로운눈,갈지자걸음,부풀린가슴,,0.5m,1.9kg, 검정,노말,비행,,,,,,,,102,,138,
447,442,,442,화강돌,ミカルゲ,Spiritomb,봉인포켓몬,프레셔,,틈새포착,,1.0m,108.0kg, 보라,고스트,악,,,,,,,,108,,,
448,443,,443,딥상어동,フカマル,Gible,육지상어포켓몬,모래숨기,,까칠한피부,,0.7m,20.5kg, 파랑,드래곤,땅,,,한바이트,한카리아스,,,,109,,,
449,444,,444,한바이트,ガバイト,Gabite,동굴포켓몬,모래숨기,,까칠한피부,,1.4m,56.0kg, 파랑,드래곤,땅,,딥상어동,한카리아스,,,,,110,,,
450,445,,445,한카리아스,ガブリアス,Garchomp,마하포켓몬,모래숨기,,까칠한피부,,1.9m,95.0kg, 파랑,드래곤,땅,딥상어동,한바이트,,,,,,111,,,
451,446,,446,먹고자,ゴンベ,Munchlax,대식가포켓몬,픽업,두꺼운지방,먹보,,0.6m,105.0kg, 검정,노말,,,,잠만보,,,,,112,,138,
452,447,,447,리오르,リオル,Riolu,파문포켓몬,불굴의마음,정신력,짓궂은마음,,0.7m,20.2kg, 파랑,격투,,,,루카리오,,,,,115,033,062,
453,448,,448,루카리오,ルカリオ,Lucario,파동포켓몬,불굴의마음,정신력,정의의마음,,1.2m,54.0kg, 파랑,격투,강철,,리오르,,,,,,116,034,063,
454,449,,449,히포포타스,ヒポポタス,Hippopotas,하마포켓몬,모래날림,,모래의힘,,0.8m,49.5kg, 갈색,땅,,,,하마돈,,,,,122,,048,
455,450,,450,하마돈,カバルドン,Hippowdon,중량포켓몬,모래날림,,모래의힘,,2.0m,300.0kg, 갈색,땅,,,히포포타스,,,,,,123,,049,
456,451,,451,스콜피,スコルピ,Skorupi,전갈포켓몬,전투무장,스나이퍼,날카로운눈,,0.8m,12.0kg, 보라,독,벌레,,,드래피온,,,,,127,201,,
457,452,,452,드래피온,ドラピオン,Drapion,요괴전갈포켓몬,전투무장,스나이퍼,날카로운눈,,1.3m,61.5kg, 보라,독,악,,스콜피,,,,,,128,202,,
458,453,,453,삐딱구리,グレッグル,Croagunk,독설포켓몬,위험예지,건조피부,독수,,0.7m,23.0kg, 파랑,독,격투,,,독개굴,,,,,129,290,125,
459,454,,454,독개굴,ドクロッグ,Toxicroak,독설포켓몬,위험예지,건조피부,독수,,1.3m,44.4kg, 파랑,독,격투,,삐딱구리,,,,,,130,291,126,
460,455,,455,무스틈니,マスキッパ,Carnivine,벌레잡이포켓몬,부유,,,,1.4m,27.0kg, 초록,풀,,,,,,,,,131,289,,
461,456,,456,형광어,ケイコウオ,Finneon,비어포켓몬,쓱쓱,마중물,수의베일,,0.4m,7.0kg, 파랑,물,,,,네오라이트,,,,,134,,,
462,457,,457,네오라이트,ネオラント,Lumineon,네온포켓몬,쓱쓱,마중물,수의베일,,1.2m,24.0kg, 파랑,물,,,형광어,,,,,,135,,,
463,458,,458,타만타,タマンタ,Mantyke,연포켓몬,쓱쓱,저수,수의베일,,1.0m,65.0kg, 파랑,물,비행,,,만타인,,,,,140,233,139,
464,459,,459,눈쓰개,ユキカブリ,Snover,얼음나무포켓몬,눈퍼뜨리기,,방음,,1.0m,50.5kg, 하양,풀,얼음,,,눈설왕,,,,,142,,,
465,460,,460,눈설왕,ユキノオー,Abomasnow,얼음나무포켓몬,눈퍼뜨리기,,방음,,2.2m,135.5kg, 하양,풀,얼음,,눈쓰개,,,,,,143,,,
466,461,,461,포푸니라,マニューラ,Weavile,갈고리손톱포켓몬,프레셔,,나쁜손버릇,,1.1m,34.0kg, 검정,악,얼음,,포푸니,,,,,,145,253,,
467,462,,462,자포코일,ジバコイル,Magnezone,자기장포켓몬,자력,옹골참,애널라이즈,,1.2m,180.0kg, 회색,전기,강철,코일,레어코일,,,,,,180,050,,
468,463,,463,내룸벨트,ベロベルト,Lickilicky,핥기포켓몬,둔감,마이페이스,날씨부정,,1.7m,140.0kg, 담홍,노말,,,내루미,,,,,,162,285,,
469,464,,464,거대코뿌리,ドサイドン,Rhyperior,드릴포켓몬,피뢰침,하드록,이판사판,,2.4m,282.8kg, 회색,땅,바위,뿔카노,코뿌리,,,,,,188,,052,
470,465,,465,덩쿠림보,モジャンボ,Tangrowth,넝쿨포켓몬,엽록소,리프가드,재생력,,2.0m,128.6kg, 파랑,풀,,,덩쿠리,,,,,,182,218,,
471,466,,466,에레키블,エレキブル,Electivire,뇌전포켓몬,전기엔진,,의기양양,,1.8m,138.6kg, 노랑,전기,,에레키드,에레브,,,,,,199,058,,
472,467,,467,마그마번,ブーバーン,Magmortar,폭염포켓몬,불꽃몸,,의기양양,,1.6m,68.0kg, 빨강,불꽃,,마그비,마그마,,,,,,202,055,,
473,468,,468,토게키스,トゲキッス,Togekiss,축복포켓몬,의욕,하늘의은총,대운,,1.5m,38.0kg, 하양,페어리,비행,토게피,토게틱,,,,,,175,,,
474,469,,469,메가자리,メガヤンマ,Yanmega,깨비잠자리포켓몬,가속,색안경,통찰,,1.9m,51.5kg, 초록,벌레,비행,,왕자리,,,,102,,184,287,088,
475,470,,470,리피아,リーフィア,Leafeon,심록포켓몬,리프가드,,엽록소,,1.0m,25.5kg, 초록,풀,,,이브이,,,,,,169,097,083,
476,471,,471,글레이시아,グレイシア,Glaceon,신설포켓몬,눈숨기,,아이스바디,,0.8m,25.9kg, 파랑,얼음,,,이브이,,,,,,170,098,084,
477,472,,472,글라이온,グライオン,Gliscor,송곳니전갈포켓몬,괴력집게,모래숨기,포이즌힐,,2.0m,42.5kg, 보라,땅,비행,,글라이거,,,,,,154,222,,
478,473,,473,맘모꾸리,マンムー,Mamoswine,2개송곳니포켓몬,둔감,눈숨기,두꺼운지방,,2.5m,291.0kg, 갈색,얼음,땅,꾸꾸리,메꾸리,,,,197,,205,260,,
479,474,,474,폴리곤Z,ポリゴンZ,Porygon-Z,가상포켓몬,적응력,다운로드,애널라이즈,,0.9m,34.0kg, 빨강,노말,,폴리곤,폴리곤2,,,,,,194,,,
480,475,,475,엘레이드,エルレイド,Gallade,검포켓몬,불굴의마음,,정의의마음,,1.6m,52.0kg, 하양,에스퍼,격투,랄토스,킬리아,,,,,,160,,067,
481,476,,476,대코파스,ダイノーズ,Probopass,콤파스포켓몬,옹골참,자력,모래의힘,,1.4m,340.0kg, 회색,바위,강철,,코코파스,,,,,,156,165,094,
482,477,,477,야느와르몽,ヨノワール,Dusknoir,움켜쥠포켓몬,프레셔,,통찰,,2.2m,106.6kg, 검정,고스트,,해골몽,미라몽,,,,,,191,,,
483,478,,478,눈여아,ユキメノコ,Froslass,설국포켓몬,눈숨기,,저주받은바디,,1.3m,26.6kg, 하양,얼음,고스트,,눈꼬마,,,,,,208,,,
484,479_1,,479,로토무,ロトム,Rotom,플라스마포켓몬,부유,,,,0.3m,0.3kg, 빨강,전기,고스트,,,,,,,,152,,,
485,479_2,,479,로토무 (히트로토무),,,,,,,,,,,,,,,,,,,,,,,
486,479_3,,479,로토무 (스핀로토무),,,,,,,,,,,,,,,,,,,,,,,
487,479_4,,479,로토무 (프로스트로토무),,,,,,,,,,,,,,,,,,,,,,,
488,479_5,,479,로토무 (워시로토무),,,,,,,,,,,,,,,,,,,,,,,
489,479_6,,479,로토무 (커트로토무),,,,,,,,,,,,,,,,,,,,,,,
490,480,,480,유크시,ユクシー,Uxie,지식포켓몬,부유,,,,0.3m,0.3kg, 노랑,에스퍼,,,,,,,,,146,,,
491,481,,481,엠라이트,エムリット,Mesprit,감정포켓몬,부유,,,,0.3m,0.3kg, 담홍,에스퍼,,,,,,,,,147,,,
492,482,,482,아그놈,アグノム,Azelf,의지포켓몬,부유,,,,0.3m,0.3kg, 파랑,에스퍼,,,,,,,,,148,,,
493,483,,483,디아루가,ディアルガ,Dialga,시간포켓몬,프레셔,,텔레파시,,5.4m,683.0kg, 하양,강철,드래곤,,,,,,,,149,,,
494,484,,484,펄기아,パルキア,Palkia,공간포켓몬,프레셔,,텔레파시,,4.2m,336.0kg, 보라,물,드래곤,,,,,,,,150,,,
495,485,,485,히드런,ヒードラン,Heatran,화구포켓몬,타오르는불꽃,,불꽃몸,,,,,불꽃,강철,,,,,,,,,,,
496,486,,486,레지기가스,レジギガス,Regigigas,거대포켓몬,슬로스타트,,,,,,,노말,,,,,,,,,,,,
497,487_1,,487,기라티나 (어나더폼),,,,,,,,,,,,,,,,,,,,,,,
498,487_2,,487,기라티나 (오리진폼),,,,,,,,,,,,,,,,,,,,,,,
499,488,,488,크레세리아,クレセリア,Cresselia,초승달포켓몬,부유,,,,,,,에스퍼,,,,,,,,,,,,
500,489,,489,피오네,フィオネ,Phione,해양포켓몬,촉촉바디,,,,,,,물,,,,,,,,,,,,
501,490,,490,마나피,マナフィ,Manaphy,회유포켓몬,촉촉바디,,,,0.3m,1.4kg, 파랑,물,,,,,,,,,151,,,
502,491,,491,다크라이,ダークライ,Darkrai,암흑포켓몬,나이트메어,,,,,,,악,,,,,,,,,,,,
503,492_1,,492,쉐이미 (랜드폼),,,,,,,,,,,,,,,,,,,,,,,
504,492_2,,492,쉐이미 (스카이폼),,,,,,,,,,,,,,,,,,,,,,,
505,493,,493,아르세우스,アルセウス,Arceus,창조포켓몬,멀티타입,,,,,,,노말,,,,,,,,,,,,
506,494,,494,비크티니,ビクティニ,Victini,승리포켓몬,승리의별,,,,0.4m,4.0kg, 노랑,에스퍼,불꽃,,,,,,,,,000,,
507,495,,495,주리비얀,ツタージャ,Snivy,풀뱀포켓몬,심록,,심술꾸러기,,0.6m,8.1kg, 초록,풀,,,,샤비,샤로다,,,,,001,,
508,496,,496,샤비,ジャノビー,Servine,풀뱀포켓몬,심록,,심술꾸러기,,0.8m,16.0kg, 초록,풀,,,주리비얀,샤로다,,,,,,002,,
509,497,,497,샤로다,ジャローダ,Serperior,로열포켓몬,심록,,심술꾸러기,,3.3m,63kg, 초록,풀,,주리비얀,샤비,,,,,,,003,,
510,498,,498,뚜꾸리,ポカブ,Tepig,불돼지포켓몬,맹화,,두꺼운지방,,0.5m,9.9kg, 빨강,불꽃,,,,차오꿀,염무왕,,,,,004,,
511,499,,499,차오꿀,チャオブー,Pignite,불돼지포켓몬,맹화,,두꺼운지방,,1m,55.5kg, 빨강,불꽃,격투,,뚜꾸리,염무왕,,,,,,005,,
512,500,,500,염무왕,エンブオー,Emboar,큰불돼지포켓몬,맹화,,이판사판,,1.6m,150kg, 빨강,불꽃,격투,뚜꾸리,차오꿀,,,,,,,006,,
513,501,,501,수댕이,ミジュマル,Oshawott,해달포켓몬,급류,,조가비갑옷,,0.5m,5.9kg, 파랑,물,,,,쌍검자비,대검귀,,,,,007,,
514,502,,502,쌍검자비,フタチマル,Dewott,수행포켓몬,급류,,조가비갑옷,,0.8m,24.5kg, 파랑,물,,,수댕이,대검귀,,,,,,008,,
515,503,,503,대검귀,ダイケンキ,Samurott,관록포켓몬,급류,,조가비갑옷,,1.5m,94.6kg, 파랑,물,,수댕이,쌍검자비,,,,,,,009,,
516,504,,504,보르쥐,ミネズミ,Patrat,망보기포켓몬,도주,날카로운눈,애널라이즈,,0.5m,11.6kg, 갈색,노말,,,,보르그,,,,,,010,,
517,505,,505,보르그,ミルホッグ,Watchog,경계포켓몬,발광,날카로운눈,애널라이즈,,1.1m,27.0kg, 갈색,노말,,,보르쥐,,,,,,,011,,
518,506,,506,요테리,ヨーテリー,Lillipup,강아지포켓몬,의기양양,픽업,도주,,0.4m,4.1kg, 갈색,노말,,,,하데리어,바랜드,,,,,022,,
519,507,,507,하데리어,ハーデリア,Herdier,충견포켓몬,위협,모래헤치기,배짱,,0.9m,14.7kg, 회색,노말,,,요테리,바랜드,,,,,,023,,
520,508,,508,바랜드,ムーランド,Stoutland,관대함포켓몬,위협,모래헤치기,배짱,,1.2m,61kg, 회색,노말,,요테리,하데리어,,,,,,,024,,
521,509,,509,쌔비냥,チョロネコ,Purrloin,성악포켓몬,유연,곡예,짓궂은마음,,0.4m,10.1kg, 보라,악,,,,레파르다스,,,,,,012,,
522,510,,510,레파르다스,レパルダス,Liepard,냉혹포켓몬,유연,곡예,짓궂은마음,,1.1m,37.5kg, 보라,악,,,쌔비냥,,,,,,,013,,
523,511,,511,야나프,ヤナップ,Pansage,풀원숭이포켓몬,먹보,,심록,,0.6m,10.5kg, 초록,풀,,,,야나키,,,,,,037,029,
524,512,,512,야나키,ヤナッキー,Simisage,가시원숭이포켓몬,먹보,,심록,,1.1m,30.5kg, 초록,풀,,,야나프,,,,,,,038,030,
525,513,,513,바오프,バオップ,Pansear,고온포켓몬,먹보,,맹화,,0.6m,11.0kg, 빨강,불꽃,,,,바오키,,,,,,039,031,
526,514,,514,바오키,バオッキー,Simisear,불꽃포켓몬,먹보,,맹화,,1.0m,28.0kg, 빨강,불꽃,,,바오프,,,,,,,040,032,
527,515,,515,앗차프,ヒヤップ,Panpour,물뿌리기포켓몬,먹보,,급류,,0.6m,13.5kg, 파랑,물,,,,앗차키,,,,,,041,033,
528,516,,516,앗차키,ヒヤッキー,Simipour,방수포켓몬,먹보,,급류,,1.0m,29.0kg, 파랑,물,,,앗차프,,,,,,,042,034,
529,517,,517,몽나,ムンナ,Munna,꿈먹기포켓몬,예지몽,싱크로,텔레파시,,0.6m,23.3kg, 담홍,에스퍼,,,,몽얌나,,,,,,086,,
530,518,,518,몽얌나,ムシャーナ,Musharna,꿈결포켓몬,예지몽,싱크로,텔레파시,,1.1m,60.5kg, 담홍,에스퍼,,,몽나,,,,,,,087,,
531,519,,519,콩둘기,マメパト,Pidove,아기비둘기포켓몬,부풀린가슴,대운,투쟁심,,0.3m,2.1kg, 회색,노말,비행,,,유토브,켄호로우,,,,,014,,
532,520,,520,유토브,ハトーボー,Tranquill,들비둘기포켓몬,부풀린가슴,대운,투쟁심,,0.6m,15kg, 회색,노말,비행,,콩둘기,켄호로우,,,,,,015,,
533,521,,521,켄호로우,ケンホロウ,Unfezant,프라이드포켓몬,부노말린가슴,대운,투쟁심,,1.2m,29.0kg, 회색,노말,비행,콩둘기,유토브,,,,,,,016,,
534,522,,522,줄뮤마,シママ,Blitzle,하전포켓몬,피뢰침,전기엔진,초식,,0.8m,29.8kg, 검정,전기,,,,제브라이카,,,,,,147,,
535,523,,523,제브라이카,ゼブライカ,Zebstrika,뇌전포켓몬,피뢰침,전기엔진,초식,,1.6m,79.5kg, 검정,전기,,,줄뮤마,,,,,,,148,,
536,524,,524,단굴,ダンゴロ,Roggenrola,맨틀포켓몬,옹골참,깨어진갑옷,모래의힘,,0.4m,18kg, 파랑,바위,,,,암트르,기가이어스,,,,,068,120,
537,525,,525,암트르,ガントル,Boldore,광석포켓몬,옹골참,깨어진갑옷,모래의힘,,0.9m,102kg, 파랑,바위,,,단굴,기가이어스,,,,,,069,121,
538,526,,526,기가이어스,ギガイアス,Gigalith,고압포켓몬,옹골참,모래날림,모래의힘,,1.7m,260.0kg, 파랑,바위,,단굴,암트르,,,,,,,070,122,
539,527,,527,또르박쥐,コロモリ,Woobat,박쥐포켓몬,천진,서투름,단순,,0.4m,2.1kg, 파랑,에스퍼,비행,,,맘박쥐,,,,,,066,055,
540,528,,528,맘박쥐,ココロモリ,Swoobat,구애포켓몬,천진,서투름,단순,,0.9m,10.5kg, 파랑,에스퍼,비행,,또르박쥐,,,,,,,067,056,
541,529,,529,두더류,モグリュー,Drilbur,두더지포켓몬,모래헤치기,모래의힘,틀깨기,,0.3m,8.5kg, 회색,땅,,,,몰드류,,,,,,076,,
542,530,,530,몰드류,ドリュウズ,Excadrill,땅밑포켓몬,모래헤치기,모래의힘,틀깨기,,0.7m,40.4kg, 회색,땅,강철,,두더류,,,,,,,077,,
543,531,,531,다부니,タブンネ,Audino,히어링포켓몬,치유의마음,재생력,서투름,,1.1m,31.0kg, 담홍,노말,,,,메가다부니,,,,,,036,123,
544,532,,532,으랏차,ドッコラー,Timburr,근골포켓몬,근성,우격다짐,철주먹,,0.6m,12.5kg, 회색,격투,,,,토쇠골,노보청,,,,,073,,
545,533,,533,토쇠골,ドテッコツ,Gurdurr,근골포켓몬,근성,우격다짐,철주먹,,1.2m,40.0kg, 회색,격투,,,으랏차,노보청,,,,,,074,,
546,534,,534,노보청,ローブシン,Conkeldurr,근골포켓몬,근성,우격다짐,철주먹,,1.4m,87.0kg, 갈색,격투,,으랏차,토쇠골,,,,,,,075,,
547,535,,535,동챙이,オタマロ,Tympole,올챙이포켓몬,쓱쓱,촉촉바디,저수,,0.5m,4.5kg, 파랑,물,,,,두까비,두빅굴,,,,,228,,
548,536,,536,두까비,ガマガル,Palpitoad,진동포켓몬,쓱쓱,촉촉바디,저수,,0.8m,17.0kg, 파랑,물,땅,,동챙이,두빅굴,,,,,,229,,
549,537,,537,두빅굴,ガマゲロゲ,Seismitoad,진동포켓몬,쓱쓱,독수,저수,,1.5m,62.0kg, 파랑,물,땅,동챙이,두까비,,,,,,,230,,
550,538,,538,던지미,ナゲキ,Throh,유도포켓몬,근성,정신력,틀깨기,,1.3m,55.5kg, 빨강,격투,,,,,,,,,,267,097,
551,539,,539,타격귀,ダゲキ,Sawk,태권도포켓몬,옹골참,정신력,틀깨기,,1.4m,51.0kg, 파랑,격투,,,,,,,,,,268,098,
552,540,,540,두르보,クルミル,Sewaddle,재봉포켓몬,벌레의알림,엽록소,방진,,0.3m,2.5kg, 노랑,벌레,풀,,,두르쿤,모아머,,,,,017,,
553,541,,541,두르쿤,クルマユ,Swadloon,잎숨기포켓몬,리프가드,엽록소,방진,,0.5m,7.3kg, 초록,벌레,풀,,두르보,모아머,,,,,,018,,
554,542,,542,모아머,ハハコモリ,Leavanny,육아포켓몬,벌레의알림,엽록소,방진,,1.2m,20.5kg, 노랑,벌레,풀,두르보,두르쿤,,,,,,,019,,
555,543,,543,마디네,フシデ,Venipede,지네포켓몬,독가시,벌레의알림,가속,,0.4m,5.3kg, 빨강,벌레,독,,,휠구,펜드라,,,,,043,120,
556,544,,544,휠구,ホイーガ,Whirlipede,눈썹지네포켓몬,독가시,벌레의알림,가속,,1.2m,58.5kg, 회색,벌레,독,,마디네,펜드라,,,,,,044,121,
557,545,,545,펜드라,ペンドラー,Scolipede,메가지네포켓몬,독가시,벌레의알림,가속,,2.5m,200.5kg, 빨강,벌레,독,마디네,휠구,,,,,,,045,122,
558,546,,546,소미안,モンメン,Cottonee,솜뭉치포켓몬,짓궂은마음,틈새포착,엽록소,,0.3m,0.6kg, 초록,풀,페어리,,,엘풍,,,,,,082,,
559,547,,547,엘풍,エルフーン,Whimsicott,바람숨기포켓몬,짓궂은마음,틈새포착,엽록소,,0.7m,6.6kg, 초록,풀,페어리,,소미안,,,,,,,083,,
560,548,,548,치릴리,チュリネ,Petilil,뿌리포켓몬,엽록소,마이페이스,리프가드,,0.5m,6.6kg, 초록,풀,,,,드레디어,,,,,,084,,
561,549,,549,드레디어,ドレディア,Lilligant,꽃장식포켓몬,엽록소,마이페이스,리프가드,,1.1m,16.3kg, 초록,풀,,,치릴리,,,,,,,085,,
562,550_1,,550_1,배쓰나이 (적색근의 모습),,,,,,,,,,,,,,,,,,,,,,,
563,550_2,,550_2,배쓰나이 (청색근의 모습),,,,,,,,,,,,,,,,,,,,,,,
564,551,,551,깜눈크,メグロコ,Sandile,사막악어포켓몬,위협,자기과신,분노의경혈,,0.7m,15.2kg, 갈색,땅,악,,,악비르,악비아르,,,,,099,043,
565,552,,552,악비르,ワルビル,Krokorok,사막악어포켓몬,위협,자기과신,분노의경혈,,1.0m,33.4kg, 갈색,땅,악,,깜눈크,악비아르,,,,,,100,044,
566,553,,553,악비아르,ワルビアル,Krookodile,위협포켓몬,위협,자기과신,분노의경혈,,1.5m,96.3kg, 빨강,땅,악,깜눈크,악비르,,,,,,,101,045,
567,554,,554,달막화,ダルマッカ,Darumaka,달마포켓몬,의욕,,정신력,,0.6m,37.5kg, 빨강,불꽃,,,,불비달마,,,,,,102,,
568,555_1,,555,불비달마 (노말모드),,,,,,,,,,,,,,,,,,,,,,,
569,555_2,,555,불비달마 (달마모드),,,,,,,,,,,,,,,,,,,,,,,
570,556,,556,마라카치,マラカッチ,Maractus,선인장포켓몬,저수,엽록소,마중물,,1.0m,28.0kg, 초록,풀,,,,,,,,,,119,,
571,557,,557,돌살이,イシズマイ,Dwebble,돌집포켓몬,옹골참,조가비갑옷,깨어진갑옷,,0.3m,14.5kg, 빨강,벌레,바위,,,암팰리스,,,,,,115,023,
572,558,,558,암팰리스,イワパレス,Crustle,바위집포켓몬,옹골참,조가비갑옷,깨어진갑옷,,1.4m,200kg, 빨강,벌레,바위,,돌살이,,,,,,,116,024,
573,559,,559,곤율랭,ズルッグ,Scraggy,탈피포켓몬,탈피,자기과신,위협,,0.6m,11.8kg, 노랑,악,격투,,,곤율거니,,,,,,117,100,
574,560,,560,곤율거니,ズルズキン,Scrafty,악당포켓몬,탈피,자기과신,위협,,1.1m,30kg, 빨강,악,격투,,곤율랭,,,,,,,119,101,
575,561,,561,심보러,シンボラー,Sigilyph,흡사새포켓몬,매직가드,미라클스킨,색안경,,1.4m,14kg, 검정,에스퍼,비행,,,,,,,,,120,090,
576,562,,562,데스마스,デスマス,Yamask,영혼포켓몬,미라,,,,0.5m,1.5kg, 검정,고스트,,,,데스니칸,,,,,,124,,
577,563,,563,데스니칸,デスカーン,Cofagrigus,관포켓몬,미라,,,,1.7m,76.5kg, 노랑,고스트,,,데스마스,,,,,,,125,,
578,564,,564,프로토가,プロトーガ,Tirtouga,고대거북포켓몬,하드록,옹골참,쓱쓱,,0.7m,16.5kg, 파랑,물,바위,,,늑골라,,,,,,126,,
579,565,,565,늑골라,アバゴーラ,Carracosta,고대거북포켓몬,하드록,옹골참,쓱쓱,,1.2m,82.0kg, 파랑,물,바위,,프로토가,,,,,,,127,,
580,566,,566,아켄,アーケン,Archen,최초새포켓몬,무기력,,,,0.6m,9.5kg, 노랑,바위,비행,,,아케오스,,,,,,128,,
581,567,,567,아케오스,アーケオス,Archeops,최초새포켓몬,무기력,,,,1.4m,32.0kg, 노랑,바위,비행,,아켄,,,,,,,129,,
582,568,,568,깨봉이,ヤブクロン,Trubbish,쓰레기봉지포켓몬,악취,점착,유폭,,0.6m,31kg, 초록,독,,,,더스트나,,,,,,105,,
583,569,,569,더스트나,ダストダス,Garbodor,매립지포켓몬,악취,깨어진갑옷,유폭,,1.9m,107.3kg, 초록,독,,,깨봉이,,,,,,,106,,
584,570,,570,조로아,ゾロア,Zorua,나쁜여우포켓몬,일루전,,,,0.7m,12.5kg, 회색,악,,,,조로아크,,,,,,151,,
585,571,,571,조로아크,ゾロアーク,Zoroark,요괴여우포켓몬,일루전,,,,1.6m,81.1kg, 회색,악,,,조로아,,,,,,,152,,
586,572,,572,치라미,チラーミィ,Minccino,친칠라포켓몬,헤롱헤롱바디,테크니션,스킬링크,,0.4m,5.8kg, 회색,노말,,,,치라치노,,,,,,107,,
587,573,,573,치라치노,チラチーノ,Cinccino,스카프포켓몬,헤롱헤롱바디,테크니션,스킬링크,,0.5m,7.5kg, 회색,노말,,,치라미,,,,,,,108,,
588,574,,574,고디탱,ゴチム,Gothita,고정포켓몬,통찰,승기,그림자밟기,,0.4m,5.8kg, 보라,에스퍼,,,,고디보미,고디모아젤,,,,,136,,
589,575,,575,고디보미,ゴチミル,Gothorita,조작포켓몬,통찰,승기,그림자밟기,,0.7m,18.0kg, 보라,에스퍼,,,고디탱,고디모아젤,,,,,,137,,
590,576,,576,고디모아젤,ゴチルゼル,Gothitelle,천체포켓몬,통찰,승기,그림자밟기,,1.5m,44kg, 보라,에스퍼,,고디탱,고디보미,,,,,,,138,,
591,577,,577,유니란,ユニラン,Solosis,세포포켓몬,방진,매직가드,재생력,,0.3m,1.0kg, 초록,에스퍼,,,,듀란,란쿨루스,,,,,139,115,
592,578,,578,듀란,ダブラン,Duosion,분할포켓몬,방진,매직가드,재생력,,0.6m,8.0kg, 초록,에스퍼,,,유니란,란쿨루스,,,,,,140,,
593,579,,579,란쿨루스,ランクルス,Reuniclus,증폭포켓몬,방진,매직가드,재생력,,1.0m,20.1kg, 초록,에스퍼,,유니란,듀란,,,,,,,141,117,
594,580,,580,꼬지보리,コアルヒー,Ducklett,물새포켓몬,날카로운눈,부풀린가슴,촉촉바디,,0.5m,5.5kg, 파랑,물,비행,,,스완나,,,,,,153,127,
595,581,,581,스완나,スワンナ,Swanna,백조포켓몬,날카로운눈,부풀린가슴,촉촉바디,,1.3m,24.2kg, 하양,물,비행,,꼬지보리,,,,,,,154,128,
596,582,,582,바닐프티,バニプッチ,Vanillite,신설포켓몬,아이스바디,,깨어진갑옷,,0.4m,5.7kg, 하양,얼음,,,,바닐리치,배바닐라,,,,,255,,
597,583,,583,바닐리치,バニリッチ,Vanillish,빙설포켓몬,아이스바디,,깨어진갑옷,,1.1m,41.0kg, 하양,얼음,,,바닐프티,배바닐라,,,,,,256,,
598,584,,584,배바닐라,バイバニラ,Vanilluxe,블리자드포켓몬,아이스바디,눈퍼뜨리기,깨어진갑옷,,1.3m,57.5kg, 하양,얼음,,바닐프티,바닐리치,,,,,,,257,,
599,585,,585,사철록,シキジカ,Deerling,계절포켓몬,엽록소,초식,하늘의은총,,0.6m,19.5kg, 노랑,노말,풀,,,바라철록,,,,,,159,,
600,586,,586,바라철록,メブキジカ,Sawsbuck,계절포켓몬,엽록소,초식,하늘의은총,,1.9m,92.5kg, 갈색,노말,풀,,사철록,,,,,,,160,,
601,587,,587,에몽가,エモンガ,Emolga,하늘다람쥐포켓몬,정전기,,전기엔진,,0.4m,5kg, 하양,전기,비행,,,,,,,,,144,086,
602,588,,588,딱정곤,カブルモ,Karrablast,덥석물기포켓몬,벌레의알림,탈피,노가드,,0.5m,5.9kg, 파랑,벌레,,,,슈바르고,,,,,,157,,
603,589,,589,슈바르고,シュバルゴ,Escavalier,기병포켓몬,벌레의알림,조가비갑옷,방진,,1.0m,33kg, 회색,벌레,강철,,딱정곤,,,,,,,156,,
604,590,,590,깜놀버슬,タマゲタケ,Foongus,버섯포켓몬,포자,,재생력,,0.2m,1.0kg, 하양,풀,독,,,뽀록나,,,,,,161,,
605,591,,591,뽀록나,モロバレル,Amoonguss,버섯포켓몬,포자,,재생력,,0.6m,10.5kg, 하양,풀,독,,깜놀버슬,,,,,,,162,,
606,592,,592,탱그릴,プルリル,Frillish,부유포켓몬,저수,저주받은바디,습기,,1.2m,33kg, 하양,물,고스트,,,탱탱겔,,,,,,180,,
607,593,,593,탱탱겔,ブルンゲル,Jellicent,부유포켓몬,저수,저주받은바디,습기,,2.2m,135kg, 하양,물,고스트,,탱그릴,,,,,,,181,,
608,594,,594,맘복치,ママンボウ,Alomomola,돌보기포켓몬,치유의마음,촉촉바디,재생력,,1.2m,31.6kg, 담홍,물,,,,,,,,,,182,149,
609,595,,595,파쪼옥,バチュル,Joltik,들러붙기포켓몬,복안,긴장감,벌레의알림,,0.1m,0.6kg, 노랑,벌레,전기,,,전툴라,,,,,,173,,
610,596,,596,전툴라,デンチュラ,Galvantula,전기거미포켓몬,복안,긴장감,벌레의알림,,0.8m,14.3kg, 노랑,벌레,전기,,파쪼옥,,,,,,,174,,
611,597,,597,철시드,テッシード,Ferroseed,가시열매포켓몬,철가시,,,,0.6m,18.8kg, 회색,풀,강철,,,너트령,,,,,,175,069,
612,598,,598,너트령,ナットレイ,Ferrothorn,가시공포켓몬,철가시,,위험예지,,1.0m,110kg, 회색,풀,강철,,철시드,,,,,,,176,070,
613,599,,599,기어르,ギアル,Klink,톱니바퀴포켓몬,플러스,마이너스,클리어바디,,0.3m,21.0kg, 회색,강철,,,,기기어르,기기기어르,,,,,130,,
614,600,,600,기기어르,ギギアル,Klang,톱니바퀴포켓몬,플러스,마이너스,클리어바디,,0.6m,51.0kg, 회색,강철,,,기어르,기기기어르,,,,,,131,,
615,601,,601,기기기어르,ギギギアル,Klinklang,톱니바퀴포켓몬,플러스,마이너스,클리어바디,,0.6m,81.0kg, 회색,강철,,기어르,기기어르,,,,,,,132,,
616,602,,602,저리어,シビシラス,Tynamo,전기물고기포켓몬,부유,,,,0.2m,0.3kg, 하양,전기,,,,저리릴,저리더프,,,,,177,,
617,603,,603,저리릴,シビビール,Eelektrik,전기물고기포켓몬,부유,,,,1.2m,22kg, 파랑,전기,,,저리어,저리더프,,,,,,178,,
618,604,,604,저리더프,シビルドン,Eelektross,전기물고기포켓몬,부유,,,,2.1m,80.5kg, 파랑,전기,,저리어,저리릴,,,,,,,179,,
619,605,,605,리그레,リグレー,Elgyem,브레인포켓몬,텔레파시,싱크로,애널라이즈,,0.5m,9.0kg, 파랑,에스퍼,,,,벰크,,,,,,188,,
620,606,,606,벰크,オーベム,Beheeyem,브레인포켓몬,텔레파시,싱크로,애널라이즈,,1.0m,34.5kg, 갈색,에스퍼,,,리그레,,,,,,,189,,
621,607,,607,불켜미,ヒトモシ,Litwick,양초포켓몬,타오르는불꽃,불꽃몸,틈새포착,,0.3m,3.1kg, 하양,고스트,불꽃,,,램프라,샹델라,,,,,190,,
622,608,,608,램프라,ランプラー,Lampent,램프포켓몬,타오르는불꽃,불꽃몸,틈새포착,,0.6m,13.0kg, 검정,고스트,불꽃,,불켜미,샹델라,,,,,,191,,
623,609,,609,샹델라,シャンデラ,Chandelure,권유포켓몬,타오르는불꽃,불꽃몸,틈새포착,,1.0m,34.3kg, 검정,고스트,불꽃,불켜미,램프라,,,,,,,192,,
624,610,,610,터검니,キバゴ,Axew,이빨포켓몬,투쟁심,틀깨기,긴장감,,0.6m,18.0kg, 초록,드래곤,,,,액슨도,액스라이즈,,,,,183,148,
625,611,,611,액슨도,オノンド,Fraxure,도끼턱포켓몬,투쟁심,틀깨기,긴장감,,1.0m,36.0kg, 초록,드래곤,,,터검니,액스라이즈,,,,,,184,149,
626,612,,612,액스라이즈,オノノクス,Haxorus,도끼턱포켓몬,투쟁심,틀깨기,긴장감,,1.8m,105.5kg, 노랑,드래곤,,터검니,액슨도,,,,,,,185,150,
627,613,,613,코고미,クマシュン,Cubchoo,빙결포켓몬,눈숨기,눈치우기,주눅,,0.5m,8.5kg, 하양,얼음,,,,툰베어,,,,,,195,,
628,614,,614,툰베어,ツンベアー,Beartic,동결포켓몬,눈숨기,눈치우기,쓱쓱,,2.6m,260kg, 하양,얼음,,,코고미,,,,,,,196,,
629,615,,615,프리지오,フリージオ,Cryogonal,결정포켓몬,부유,,,,1.1m,148.0kg, 파랑,얼음,,,,,,,,,,197,,
630,616,,616,쪼마리,チョボマキ,Shelmet,달팽이포켓몬,촉촉바디,조가비갑옷,방진,,0.4m,7.7kg, 빨강,벌레,,,,어지리더,,,,,,157,,
631,617,,617,어지리더,アギルダー,Accelgor,탈껍질포켓몬,촉촉바디,점착,곡예,,0.8m,25.3kg, 빨강,벌레,,,쪼마리,,,,,,,158,,
632,618,,618,메더,マッギョ,Stunfisk,트랩포켓몬,정전기,유연,모래숨기,,0.7m,11.0kg, 갈색,땅,전기,,,,,,,,,231,,
633,619,,619,비조푸,コジョフー,Mienfoo,무술포켓몬,정신력,재생력,이판사판,,0.9m,20.0kg, 노랑,격투,,,,비조도,,,,,,219,003,
634,620,,620,비조도,コジョンド,Mienshao,무술포켓몬,정신력,재생력,이판사판,,1.4m,35.5kg, 보라,격투,,,비조푸,,,,,,,220,004,
635,621,,621,크리만,クリムガン,Druddigon,동굴포켓몬,까칠한피부,우격다짐,틀깨기,,1.6m,139.0kg, 빨강,드래곤,,,,,,,,,,270,,
636,622,,622,골비람,ゴビット,Golett,골렘포켓몬,철주먹,서투름,노가드,,1.0m,92.0kg, 초록,땅,고스트,,,골루그,,,,,,271,091,
637,623,,623,골루그,ゴルーグ,Golurk,골렘포켓몬,철주먹,서투름,노가드,,2.8m,330.0kg, 초록,땅,고스트,,골비람,,,,,,,272,092,
638,624,,624,자망칼,コマタナ,Pawniard,날붙이포켓몬,오기,정신력,프레셔,,0.5m,10.2kg, 빨강,악,강철,,,절각참,,,,,,223,,
639,625,,625,절각참,キリキザン,Bisharp,도인포켓몬,오기,정신력,프레셔,,1.6m,70kg, 빨강,악,강철,,자망칼,,,,,,,224,,
640,626,,626,버프론,バッフロン,Bouffalant,박치기소포켓몬,이판사판,초식,방음,,1.6m,94.5kg, 갈색,노말,,,,,,,,,,269,,
641,627,,627,수리둥보,ワシボン,Rufflet,새끼독수리포켓몬,날카로운눈,우격다짐,의욕,,0.5m,10.5kg, 하양,노말,비행,,,워글,,,,,,109,,
642,628,,628,워글,ウォーグル,Braviary,용맹포켓몬,날카로운눈,우격다짐,오기,,1.5m,41.0kg, 빨강,노말,비행,,수리둥보,,,,,,,110,,
643,629,,629,벌차이,バルチャイ,Vullaby,기저귀포켓몬,부풀린가슴,방진,깨어진갑옷,,0.5m,9.0kg, 갈색,악,비행,,,버랜지나,,,,,,111,,
644,630,,630,버랜지나,バルジーナ,Mandibuzz,뼈독수리포켓몬,부풀린가슴,방진,깨어진갑옷,,1.2m,39.5kg, 갈색,악,비행,,벌차이,,,,,,,112,,
645,631,,631,앤티골,クイタラン,Heatmor,개미핥기포켓몬,먹보,타오르는불꽃,하얀연기,,1.4m,58kg, 빨강,불꽃,,,,,,,,,,193,,
646,632,,632,아이앤트,アイアント,Durant,철개미포켓몬,벌레의알림,의욕,게으름,,0.3m,33.0kg, 회색,벌레,강철,,,,,,,,,194,,
647,633,,633,모노두,モノズ,Deino,폭거포켓몬,의욕,,,,0.8m,17.3kg, 파랑,악,드래곤,,,디헤드,삼삼드래,,,,,273,,
648,634,,634,디헤드,ジヘッド,Zweilous,흉포포켓몬,의욕,,,,1.4m,50kg, 파랑,악,드래곤,,모노두,삼삼드래,,,,,,274,,
649,635,,635,삼삼드래,サザンドラ,Hydreigon,난폭포켓몬,부유,,,,1.8m,160kg, 파랑,악,드래곤,모노두,디헤드,,,,,,,275,,
650,636,,636,활화르바,メラルバ,Larvesta,횃불포켓몬,불꽃몸,,벌레의알림,,1.1m,28.8kg, 하양,벌레,불꽃,,,불카모스,,,,,,171,,
651,637,,637,불카모스,ウルガモス,Volcarona,태양포켓몬,불꽃몸,,벌레의알림,,1.6m,46.0kg, 하양,벌레,불꽃,,활화르바,,,,,,,172,,
652,638,,638,코바르온,コバルオン,Cobalion,철심포켓몬,정의의마음,,,,2.1m,250kg, 파랑,강철,격투,,,,,,,,,225,,
653,639,,639,테라키온,テラキオン,Terrakion,암굴포켓몬,정의의마음,,,,1.9m,260kg, 회색,바위,격투,,,,,,,,,226,,
654,640,,640,비리디온,ビリジオン,Virizion,초원포켓몬,정의의마음,,,,2.0m,200kg, 초록,풀,격투,,,,,,,,,227,,
655,641_1,,641,토네로스 (화신폼),,,,,,,,,,,,,,,,,,,,,,,
656,641_2,,641,토네로스 (영물폼),,,,,,,,,,,,,,,,,,,,,,,
657,642_1,,642,볼트로스 (화신폼),,,,,,,,,,,,,,,,,,,,,,,
658,642_3,,642,볼트로스 (영물폼),,,,,,,,,,,,,,,,,,,,,,,
659,643,,643,레시라무,レシラム,Reshiram,백양포켓몬,터보블레이즈,,,,3.2m,330.0kg, 하양,드래곤,불꽃,,,,,,,,,295,,
660,644,,644,제크로무,ゼクロム,Zekrom,흑음포켓몬,테라볼티지,,,,2.9m,345.0kg, 검정,드래곤,전기,,,,,,,,,296,,
661,645_1,,645,랜드로스 (화신폼),,,,,,,,,,,,,,,,,,,,,,,
662,645_2,,645,랜드로스 (영물폼),,,,,,,,,,,,,,,,,,,,,,,
663,646_1,,646,큐레무,キュレム,Kyurem,경계포켓몬,프레셔,,,,3.0m,325.0kg, 회색,드래곤,얼음,,,,,,,,,297,,
664,646_2,,646,큐레무 (블랙큐레무),,,,,,,,,,,,,,,,,,,,,,,
665,646_3,,646,큐레무 (화이트큐레무),,,,,,,,,,,,,,,,,,,,,,,
666,647_1,,647,케르디오 (평소의 모습),,,,,,,,,,,,,,,,,,,,,,,
667,647_2,,647,케르디오 (각오의 모습),,,,,,,,,,,,,,,,,,,,,,,
668,648_1,,648,메로엣타 (보이스폼),,,,,,,,,,,,,,,,,,,,,,,
669,648_2,,648,메로엣타 (스텝폼),,,,,,,,,,,,,,,,,,,,,,,
670,649,,649,게노세크트,ゲノセクト,Genesect,고생대포켓몬,다운로드,,,,1.5m,82.5kg, 보라,벌레,강철,,,,,,,,,300,,
671,650,,650,도치마론,ハリマロン,Chespin,밤송이포켓몬,심록,,방탄,,0.4m,9.0kg, 초록,풀,,,,도치보구,브리가론,,,,,,001,
672,651,,651,도치보구,ハリボーグ,Quilladin,가시갑옷포켓몬,심록,,방탄,,0.7m,29.0kg, 초록,풀,,,도치마론,브리가론,,,,,,,002,
673,652,,652,브리가론,ブリガロン,Chesnaught,가시갑옷포켓몬,심록,,방탄,,1.6m,90.0kg, 초록,풀,격투,도치마론,도치보구,,,,,,,,003,
674,653,,653,푸호꼬,フォッコ,Fennekin,여우포켓몬,맹화,,매지션,,0.4m,9.4kg, 빨강,불꽃,,,,테르나,마폭시,,,,,,004,
675,654,,654,테르나,テールナ,Braixen,여우포켓몬,맹화,,매지션,,1.0m,14.5kg, 빨강,불꽃,,,푸호꼬,마폭시,,,,,,,005,
676,655,,655,마폭시,マフォクシー,Delphox,여우포켓몬,맹화,,매지션,,1.5m,14.5kg, 빨강,불꽃,에스퍼,푸호꼬,테르나,,,,,,,,006,
677,656,,656,개구마르,ケロマツ,Froakie,거품개구리포켓몬,급류,,변환자재,,0.3m,7.0kg, 파랑,물,,,,개굴반장,개굴닌자,,,,,,007,
678,657,,657,개굴반장,ゲコガシラ,Frogadier,거품개구리포켓몬,급류,,변환자재,,0.6m,10.9kg, 파랑,물,,,개구마르,개굴닌자,,,,,,,008,
679,658,,658,개굴닌자,ゲッコウガ,Greninja,시노비포켓몬,급류,,변환자재,,1.5m,40.0kg, 파랑,물,악,개구마르,개굴반장,,,,,,,,009,
680,659,,659,파르빗,ホルビー,Bunnelby,땅구멍파기포켓몬,픽업,볼주머니,천하장사,,0.4m,5.0kg, 갈색,노말,,,,파르토,,,,,,,010,
681,660,,660,파르토,ホルード,Diggersby,땅구멍파기포켓몬,픽업,볼주머니,천하장사,,1.0m,42.4kg, 갈색,노말,땅,,파르빗,,,,,,,,011,
682,661,,661,화살꼬빈,ヤヤコマ,Fletchling,울새포켓몬,부풀린가슴,,질풍날개,,0.3m,1.7kg, 빨강,노말,비행,,,불화살빈,파이어로,,,,,,014,
683,662,,662,불화살빈,ヒノヤコマ,Fletchinder,불티포켓몬,불꽃몸,,질풍날개,,0.7m,16.0kg, 빨강,불꽃,비행,,화살꼬빈,파이어로,,,,,,,015,
684,663,,663,파이어로,ファイアロー,Talonflame,열화포켓몬,불꽃몸,,질풍날개,,1.2m,24.5kg, 빨강,불꽃,비행,화살꼬빈,불화살빈,,,,,,,,016,
685,664,,664,분이벌레,コフキムシ,Scatterbug,가루뿜기포켓몬,인분,복안,프렌드가드,,0.3m,2.5kg, 검정,벌레,,,,분떠도리,비비용,,,,,,020,
686,665,,665,분떠도리,コフーライ,Spewpa,가루뿜기포켓몬,탈피,,프렌드가드,,0.3m,8.4kg, 검정,벌레,,,분이벌레,비비용,,,,,,,021,
687,666,,666,비비용,ビビヨン,Vivillon,인분포켓몬,인분,복안,프렌드가드,,1.2m,17.0kg, 검정,벌레,비행,분이벌레,분떠도리,,,,,,,,022,
688,667,,667,레오꼬,シシコ,Litleo,어린사자포켓몬,투쟁심,긴장감,자기과신,,0.6m,13.5kg, 갈색,불꽃,노말,,,화염레오,,,,,,,057,
689,668,,668,화염레오,カエンジシ,Pyroar,임금포켓몬,투쟁심,긴장감,자기과신,,1.5m,81.5kg, 갈색,불꽃,노말,,레오꼬,,,,,,,,058,
690,669,,669,플라베베,フラベベ,Flabébé,한송이포켓몬,플라워베일,,공생,,0.1m,0.1kg, 하양,페어리,,,,플라엣테,플라제스,,,,,,068,
691,670,,670,플라엣테,フラエッテ,Floette,한송이포켓몬,플라워베일,,공생,,0.2m,0.9kg, 하양,페어리,,,플라베베,플라제스,,,,,,,069,
692,671,,671,플라제스,フラージェス,Florges,가든포켓몬,플라워베일,,공생,,1.1m,10.0kg, 하양,페어리,,플라베베,플라엣테,,,,,,,,070,
693,672,,672,메이클,メエークル,Skiddo,라이드포켓몬,초식,,풀모피,,0.9m,31.0kg, 갈색,풀,,,,고고트,,,,,,,089,
694,673,,673,고고트,ゴーゴート,Gogoat,라이드포켓몬,초식,,풀모피,,1.7m,91.0kg, 갈색,풀,,,메이클,,,,,,,,090,
695,674,,674,판짱,ヤンチャム,Pancham,개구쟁이포켓몬,철주먹,틀깨기,배짱,,0.6m,8.0kg, 하양,격투,,,,부란다,,,,,,,091,
696,675,,675,부란다,ゴロンダ,Pangoro,무서운얼굴포켓몬,철주먹,틀깨기,배짱,,2.1m,136.0kg, 하양,격투,악,,판짱,,,,,,,,092,
697,676,,676,트리미앙,トリミアン,Furfrou,푸들포켓몬,퍼코트,,,,1.2m,28.0kg, 하양,노말,,,,,,,,,,,093,
698,677,,677,냐스퍼,ニャスパー,Espurr,자제포켓몬,날카로운눈,틈새포착,마이페이스,,0.3m,3.5kg, 회색,에스퍼,,,,냐오닉스,,,,,,,114,
699,678_1,,678,냐오닉스 (수컷),,,,,,,,,,,,,,,,,,,,,,,
700,678_2,,678,냐오닉스 (암컷),,,,,,,,,,,,,,,,,,,,,,,
701,679,,679,단칼빙,ヒトツキ,Honedge,도검포켓몬,노가드,,,,0.8m,2.0kg, 갈색,강철,고스트,,,쌍검킬,킬가르도,,,,,,117,
702,680,,680,쌍검킬,ニダンギル,Doublade,도검포켓몬,노가드,,,,0.8m,4.5kg, 갈색,강철,고스트,,단칼빙,킬가르도,,,,,,,118,
703,681,,681,킬가르도,ギルガルド,Aegislash,왕검포켓몬,배틀스위치,,,,1.7m,53.0kg, 갈색,강철,고스트,단칼빙,쌍검킬,,,,,,,,119,
704,682,,682,슈쁘,シュシュプ,Spritzee,향수포켓몬,치유의마음,,아로마베일,,0.2m,0.5kg, 담홍,페어리,,,,프레프티르,,,,,,,129,
705,683,,683,프레프티르,フレフワン,Aromatisse,방향포켓몬,치유의마음,,아로마베일,,0.8m,15.5kg, 담홍,페어리,,,슈쁘,,,,,,,,130,
706,684,,684,나룸퍼프,ペロッパフ,Swirlix,솜사탕포켓몬,스위트베일,,곡예,,0.4m,3.5kg, 하양,페어리,,,,나루림,,,,,,,131,
707,685,,685,나루림,ペロリーム,Slurpuff,휩포켓몬,스위트베일,,곡예,,0.8m,5.0kg, 하양,페어리,,,나룸퍼프,,,,,,,,132,
708,686,,686,오케이징,マーイーカ,Inkay,회전포켓몬,심술꾸러기,흡반,틈새포착,,0.4m,3.5kg, 파랑,악,에스퍼,,,칼라마네로,,,,,,,010,
709,687,,687,칼라마네로,カラマネロ,Malamar,역전포켓몬,심술꾸러기,흡반,틈새포착,,1.5m,47.0kg, 파랑,악,에스퍼,,오케이징,,,,,,,,011,
710,688,,688,거북손손,カメテテ,Binacle,두손포켓몬,단단한발톱,스나이퍼,나쁜손버릇,,0.5m,31.0kg, 갈색,바위,물,,,거북손데스,,,,,,,021,
711,689,,689,거북손데스,ガメノデス,Barbaracle,집합포켓몬,단단한발톱,스나이퍼,나쁜손버릇,,1.3m,96.0kg, 갈색,바위,물,,거북손손,,,,,,,,022,
712,690,,690,수레기,クズモー,Skrelp,풀모방포켓몬,독가시,독수,적응력,,0.5m,7.3kg, 갈색,독,물,,,드래캄,,,,,,,030,
713,691,,691,드래캄,ドラミドロ,Dragalge,풀모방포켓몬,독가시,독수,적응력,,1.8m,81.5kg, 갈색,독,드래곤,,수레기,,,,,,,,031,
714,692,,692,완철포,ウデッポウ,Clauncher,물대포포켓몬,메가런처,,,,0.5m,8.3kg, 파랑,물,,,,블로스터,,,,,,,032,
715,693,,693,블로스터,ブロスター,Clawitzer,런처포켓몬,메가런처,,,,1.3m,35.3kg, 파랑,물,,,완철포,,,,,,,,033,
716,694,,694,목도리키텔,エリキテル,Helioptile,발전포켓몬,건조피부,모래숨기,선파워,,0.5m,6.0kg, 노랑,전기,노말,,,일레도리자드,,,,,,,046,
717,695,,695,일레도리자드,エレザード,Heliolisk,발전포켓몬,건조피부,모래숨기,선파워,,1.0m,21.0kg, 노랑,전기,노말,,목도리키텔,,,,,,,,047,
718,696,,696,티고라스,チゴラス,Tyrunt,유군포켓몬,옹골찬턱,,옹골참,,0.8m,26.0kg, 갈색,바위,드래곤,,,견고라스,,,,,,,064,
719,697,,697,견고라스,ガチゴラス,Tyrantrum,폭군포켓몬,옹골찬턱,,돌머리,,2.5m,270.0kg, 빨강,바위,드래곤,,티고라스,,,,,,,,065,
720,698,,698,아마루스,アマルス,Amaura,툰드라포켓몬,프리즈스킨,,눈퍼뜨리기,,1.3m,25.2kg, 파랑,바위,얼음,,,아마루르가,,,,,,,066,
721,699,,699,아마루르가,アマルルガ,Aurorus,툰드라포켓몬,프리즈스킨,,눈퍼뜨리기,,2.7m,225.0kg, 파랑,바위,얼음,,아마루스,,,,,,,,067,
722,700,,700,님피아,ニンフィア,Sylveon,연결포켓몬,헤롱헤롱바디,,페어리스킨,,1.0m,23.5kg, 담홍,페어리,,,이브이,,,,,,,,085,
723,701,,701,루차불,ルチャブル,Hawlucha,레슬링포켓몬,유연,곡예,틀깨기,,0.8m,21.5kg, 초록,격투,비행,,,,,,,,,,089,
724,702,,702,데덴네,デデンネ,Dedenne,안테나포켓몬,볼주머니,픽업,플러스,,0.2m,2.2kg, 노랑,전기,페어리,,,,,,,,,,110,
725,703,,703,멜리시,メレシー,Carbink,보석포켓몬,클리어바디,,옹골참,,0.3m,5.7kg, 회색,바위,페어리,,,,,,,,,,124,
726,704,,704,미끄메라,ヌメラ,Goomy,연체포켓몬,초식,촉촉바디,미끈미끈,,0.3m,2.8kg, 보라,드래곤,,,,미끄네일,미끄래곤,,,,,,019,
727,705,,705,미끄네일,ヌメイル,Sliggoo,연체포켓몬,초식,촉촉바디,미끈미끈,,0.8m,17.5kg, 보라,드래곤,,,미끄메라,미끄래곤,,,,,,,020,
728,706,,706,미끄래곤,ヌメルゴン,Goodra,드래곤포켓몬,초식,촉촉바디,미끈미끈,,2.0m,150.5kg, 보라,드래곤,,미끄메라,미끄네일,,,,,,,,021,
729,707,,707,클레피,クレッフィ,Klefki,열쇠꾸러미포켓몬,짓궃은마음,,매지션,,0.2m,3.0kg, 회색,강철,페어리,,,,,,,,,,050,
730,708,,708,나목령,ボクレー,Phantump,그루터기포켓몬,자연회복,통찰,수확,,0.4m,7.0kg, 갈색,고스트,풀,,,대로트,,,,,,,061,
731,709,,709,대로트,オーロット,Trevenant,고목포켓몬,자연회복,통찰,수확,,1.5m,71.0kg, 갈색,고스트,풀,,나목령,,,,,,,,062,
732,710,,710,호바귀,バケッチャ,Pumpkaboo,호박포켓몬,픽업,통찰,불면,,작은:0.3m일반:0.4m큰:0.5m아주큰:0.8m,작은:3.5kg일반:5.0kg큰:7.5kg아주큰:15.0kg, 갈색,고스트,풀,,,펌킨인,,,,,,,063,
733,711,,711,펌킨인,パンプジン,Gourgeist,호박포켓몬,픽업,통찰,불면,,작은:0.7m일반:0.9m큰:1.1m아주큰:1.7m,작은:9.5kg일반:12.5kg큰:14.0kg아주큰:39.0kg, 갈색,고스트,풀,,호바귀,,,,,,,,064,
734,712,,712,꽁어름,カチコール,Bergmite,얼음덩이포켓몬,마이페이스,아이스바디,옹골참,,1.0m,99.5kg, 파랑,얼음,,,,크레베이스,,,,,,,079,
735,713,,713,크레베이스,クレベース,Avalugg,빙산포켓몬,마이페이스,아이스바디,옹골참,,2.0m,505.0kg, 파랑,얼음,,,꽁어름,,,,,,,,080,
736,714,,714,음뱃,オンバット,Noibat,음파포켓몬,통찰,틈새포착,텔레파시,,0.5m,8.0kg, 보라,비행,드래곤,,,음번,,,,,,,113,
737,715,,715,음번,オンバーン,Noivern,음파포켓몬,통찰,틈새포착,텔레파시,,1.5m,85.0kg, 보라,비행,드래곤,,음뱃,,,,,,,,114,
738,716,,716,제르네아스,ゼルネアス,Xerneas,생명포켓몬,페어리오라,,,,3.0m,215.0kg, 파랑,페어리,,,,,,,,,,,148,
739,717,,717,이벨타르,イベルタル,Yveltal,파괴포켓몬,다크오라,,,,5.8m,203.0kg, 빨강,악,비행,,,,,,,,,,149,
740,718,,718,지가르데,ジガルデ,Zygarde,질서포켓몬,오라브레이크,스웜체인지,,,5.0m,305.0kg, 초록,드래곤,땅,,,,,,,,,,150,
741,719,,719,디안시,ディアンシー,Diancie,보석포켓몬,클리어바디,,,,0.7m,8.8kg, 담홍,바위,페어리,,,메가디안시,,,,,,,151,
742,720,,720,후파,フーパ,Hoopa,장난포켓몬,매지션,,,,0.5m,9.0kg, 보라,에스퍼,고스트,,,,,,,,,,152,
743,721,,721,볼케니온,ボルケニオン,Volcanion,스팀포켓몬,저수,,,,1.7m,195.0kg, 갈색,불꽃,물,,,,,,,,,,153,
744,722,,722,나몰빼미,モクロー,Rowlet,풀깃포켓몬,심록,,원격,,0.3m,1.5kg, 초록,풀,비행,,,빼미스로우,모크나이퍼,,,,,,,001
745,723,,723,빼미스로우,フクスロー,Dartrix,칼날깃포켓몬,심록,,원격,,0.7m,16kg, 초록,풀,비행,,나몰빼미,모크나이퍼,,,,,,,,002
746,724,,724,모크나이퍼,ジュナイパー,Decidueye,화살깃포켓몬,심록,,원격,,1.6m,36.6kg, 초록,풀,고스트,나몰빼미,빼미스로우,,,,,,,,,003
747,725,,725,냐오불,ニャビー,Litten,불고양이포켓몬,맹화,,위협,,0.3m,4.3kg, 빨강,불꽃,,,,냐오히트,어흥염,,,,,,,004
748,726,,726,냐오히트,ニャヒート,Torracat,불고양이포켓몬,맹화,,위협,,0.7m,25kg, 빨강,불꽃,,,냐오불,어흥염,,,,,,,,005
749,727,,727,어흥염,ガオガエン,Incineroar,힐포켓몬,맹화,,위협,,1.8m,83.0kg, 빨강,불꽃,악,냐오불,냐오히트,,,,,,,,,006
750,728,,728,누리공,アシマリ,Popplio,강치포켓몬,급류,,촉촉보이스,,0.4m,7.5kg, 파랑,물,,,,키요공,누리레느,,,,,,,007
751,729,,729,키요공,オシャマリ,Brionne,아이돌포켓몬,급류,,촉촉보이스,,0.6m,17.5kg, 파랑,물,,,누리공,누리레느,,,,,,,,008
752,730,,730,누리레느,アシレーヌ,Primarina,솔리스트포켓몬,급류,,촉촉보이스,,1.8m,44.0kg, 파랑,물,페어리,누리공,키요공,,,,,,,,,009
753,731,,731,콕코구리,ツツケラ,Pikipek,딱따구리포켓몬,날카로운눈,스킬링크,픽업,,0.3m,1.2kg, ,노말,비행,,,크라파,왕큰부리,,,,,,,10
754,732,,732,크라파,ケララッパ,Trumbeak,나팔입포켓몬,날카로운눈,스킬링크,픽업,,0.6m,14.8kg, ,노말,비행,,콕코구리,왕큰부리,,,,,,,,11
755,733,,733,왕큰부리,ドデカバシ,Toucannon,대포포켓몬,날카로운눈,스킬링크,우격다짐,,1.1m,26.0kg, ,노말,비행,콕코구리,크라파,,,,,,,,,11
756,734,,734,영구스,ヤングース,Yungoos,순회포켓몬,잠복,옹골찬턱,적응력,,0.4m,6.0kg, ,노말,,,,형사구스,,,,,,,,13
757,735,,735,형사구스,デカグース,Gumshoos,잠복포켓몬,잠복,옹골찬턱,,,0.7m,14.2kg, ,노말,,,영구스,,,,,,,,,14
758,736,,736,턱지충이,アゴジムシ,Grubbin,유충포켓몬,벌레의알림,,,,0.4m,4.4kg, ,벌레,,,,전지충이,투구뿌논,,,,,,,27
759,737,,737,전지충이,デンヂムシ,Charjabug,배터리포켓몬,배터리,,,,0.5m,10.5kg, ,벌레,전기,,턱지충이,투구뿌논,,,,,,,,28
760,738,,738,투구뿌논,クワガノン,Vikavolt,뿔집게포켓몬,부유,,,,1.5m,45kg, ,벌레,전기,턱지충이,전지충이,,,,,,,,,29
761,739,,739,오기지게,マケンカニ,Crabrawler,권투포켓몬,괴력집게,철주먹,분노의경혈,,0.6m,7.0kg, ,격투,,,,모단단게,,,,,,,,59
762,740,,740,모단단게,ケケンカニ,Crabominable,털게포켓몬,괴력집게,철주먹,분노의경혈,,0.6m,7.0kg, ,격투,얼음,,오기지게,,,,,,,,,60
763,741_1,,741,춤추새 (이글이글 스타일),,,,,,,,,,,,,,,,,,,,,,,
764,741_2,,741,춤추새 (파칙파칙 스타일),,,,,,,,,,,,,,,,,,,,,,,
765,741_3,,741,춤추새 (훌라훌라 스타일),,,,,,,,,,,,,,,,,,,,,,,
766,741_4,,741,춤추새 (훌라훌라 스타일),,,,,,,,,,,,,,,,,,,,,,,
767,742,,742,에블리,アブリー,Cutiefly,재니등에포켓몬,꿀모으기,인분,,,0.1m,0.2kg, ,벌레,페어리,,,에리본,,,,,,,,83
768,743,,743,에리본,アブリボン,Ribombee,재니등에포켓몬,꿀모으기,인분,스위트베일,,0.2m,0.5kg, ,벌레,페어리,,에블리,,,,,,,,,84
769,744,,744,암멍이,イワンコ,Rockruff,강아지포켓몬,날카로운눈,의기양양,불굴의마음,,0.5m,9.2kg, ,바위,,,,루가루암,,,,,,,,103
770,745_1,,745,루가루암 (한낮의 모습),,,,,,,,,,,,,,,,,,,,,,,
771,745_2,,745,루가루암 (한밤중의 모습),,,,,,,,,,,,,,,,,,,,,,,
772,746_1,,746,약어리 (단독의 모습),,,,,,,,,,,,,,,,,,,,,,,
773,746_2,,746,약어리 (군집의 모습),,,,,,,,,,,,,,,,,,,,,,,
774,747,,747,시마사리,ヒドイデ,Mareanie,포켓몬,무도한행동,유연,재생력,,0.4m,8.0kg, ,독,물,,,더시마사리,,,,,,,,113
775,748,,748,더시마사리,ドヒドイデ,Toxapex,포켓몬,무도한행동,유연,재생력,,0.7m,14.5kg, ,독,물,,시마사리,,,,,,,,,114
776,749,,749,머드나기,ドロバンコ,Mudbray,당나귀포켓몬,마이페이스,지구력,정신력,,1.0m,110kg, ,땅,,,,만마드,,,,,,,,132
777,750,,750,만마드,バンバドロ,Mudsdale,만마포켓몬,마이페이스,지구력,정신력,,2.5m,920kg, ,땅,,,머드나기,,,,,,,,,133
778,751,,751,물거미,シズクモ,Dewpider,포켓몬,수포,,저수,,0.3m,4.0kg, ,물,벌레,,,깨비물거미,,,,,,,,141
779,752,,752,깨비물거미,オニシズクモ,Araquanid,포켓몬,수포,,저수,,1.8m,82.0kg, ,물,벌레,,물거미,,,,,,,,,142
780,753,,753,짜랑랑,カリキリ,Fomantis,풀사마귀포켓몬,리프가드,,심술꾸러기,,0.3m,1.5kg, ,풀,,,,라란티스,,,,,,,,143
781,754,,754,라란티스,ラランテス,Lurantis,꽃사마귀포켓몬,리프가드,,심술꾸러기,,0.9m,18.5kg, ,풀,,,짜랑랑,,,,,,,,,144
782,755,,755,자마슈,ネマシュ,Morelull,발광포켓몬,발광,포자,젖은접시,,0.2m,1.5kg, ,풀,페어리,,,마셰이드,,,,,,,,145
783,756,,756,마셰이드,マシェード,Shiinotic,발광포켓몬,발광,포자,젖은접시,,1.0m,11.5kg, ,풀,페어리,,자마슈,,,,,,,,,146
784,757,,757,야도뇽,ヤトウモリ,Salandit,독도마뱀포켓몬,부식,,둔감,,0.6m,4.8kg, ,독,불꽃,,,염뉴트,,,,,,,,161
785,758,,758,염뉴트,エンニュート,Salazzle,포켓몬,부식,,둔감,,1.2m,22.2kg, ,독,불꽃,,야도뇽,,,,,,,,,162
786,759,,759,포곰곰,ヌイコグマ,Stufful,바둥바둥포켓몬,복슬복슬,서투름,헤롱헤롱바디,,0.5m,6.8kg, ,노말,격투,,,이븐곰,,,,,,,,169
787,760,,760,이븐곰,キテルグマ,Bewear,강한완력포켓몬,복슬복슬,서투름,긴장감,,2.1m,135kg, ,노말,격투,,포곰곰,,,,,,,,,170
788,761,,761,달콤아,アマカジ,Bounsweet,후르츠포켓몬,리프가드,둔감,스위트베일,,0.3m,3.2kg, ,풀,,,,달무리나,달코퀸,,,,,,,171
789,762,,762,달무리나,アママイコ,Steenee,후르츠포켓몬,리프가드,둔감,스위트베일,,0.7m,8.2kg, ,풀,,,달콤아,달코퀸,,,,,,,,172
790,763,,763,달코퀸,アマージョ,Tsareena,후르츠포켓몬,리프가드,여왕의위엄,스위트베일,,1.2m,21.4kg, ,풀,,달콤아,달무리나,,,,,,,,,173
791,764,,764,큐아링,キュワワー,Comfey,꽃따기포켓몬,플라워베일,힐링시프트,자연회복,,0.1m,0.3kg, ,페어리,,,,,,,,,,,,174
792,765,,765,하랑우탄,ヤレユータン,Oranguru,현자포켓몬,정신력,텔레파시,공생,,1.5m,76.0kg, ,노말,에스퍼,,,,,,,,,,,176
793,766,,766,내던숭이,ナゲツケサル,Passimian,연계포켓몬,리시버,,오기,,2.0m,82.8kg, ,격투,,,,,,,,,,,,177
794,767,,767,꼬시레,コソクムシ,Wimpod,주행포켓몬,도망태세,,,,0.5m,12.0kg, ,벌레,물,,,갑주무사,,,,,,,,182
795,768,,768,갑주무사,グソクムシャ,Golisopod,포켓몬,위기회피,,,,2.0m,108.0kg, ,벌레,물,,꼬시레,,,,,,,,,183
796,769,,769,모래꿍,スナバァ,Sandygast,모래산포켓몬,꾸덕꾸덕굳기,,모래숨기,,0.2m,70kg, ,고스트,땅,,,모래성이당,,,,,,,,186
797,770,,770,모래성이당,シロデスナ,Palossand,모래성포켓몬,꾸덕꾸덕굳기,,모래숨기,,1.3m,250kg, ,고스트,땅,,모래꿍,,,,,,,,,187
798,771,,771,해무기,ナマコブシ,Pyukumuku,해삼포켓몬,내용물분출,,천진,,0.3m,1.2kg, ,물,,,,,,,,,,,,200
799,772,,772,타입:널,タイプ：ヌル,Type:Null,인공포켓몬,전투무장,,,,1.9m,120.5kg, ,노말,,,,실버디,,,,,,,,203
800,773,,773,실버디,シルヴァディ,Silvally,인공포켓몬,AR시스템,,,,2.3m,100.5kg, ,노말,,,타입:널,,,,,,,,,204
801,774_1,,774,메테노,メテノ,Minior,유성포켓몬,리밋실드,,,,0.3m,40.0kg, ,바위,비행,,,,,,,,,,,213
802,774_2,,774,메테노 (코어),,,,,,,,,,,,,,,,,,,,,,,
803,775,,775,자말라,ネッコアラ,Komala,꿈결포켓몬,절대안깸,,,,0.4m,19.9kg, ,노말,,,,,,,,,,,,222
804,776,,776,폭거북스,バクガメス,Turtonator,폭발거북포켓몬,조가비갑옷,,,,2.0m,212.0kg, 빨강,불꽃,드래곤,,,,,,,,,,,224
805,777,,777,토게데마루,トゲデマル,Togedemaru,동글동글포켓몬,철가시,피뢰침,옹골참,,0.3m,3.3kg, ,전기,강철,,,,,,,,,,,225
806,778,,778,따라큐,ミミッキュ,Mimikyu,탈포켓몬,탈,,,,0.2m,0.7kg, ,고스트,페어리,,,,,,,,,,,242
807,779,,779,치갈기,ハギギシリ,Bruxish,이갈기포켓몬,비비드바디,옹골찬턱,미라클스킨,,0.9m,19kg, ,물,에스퍼,,,,,,,,,,,243
808,780,,780,할비롱,ジジーロン,Drampa,느긋누긋포켓몬,발끈,초식,날씨부정,,3.0m,185kg, ,노말,드래곤,,,,,,,,,,,244
809,781,,781,타타륜,ダダリン,Dhelmise,포켓몬,강철술사,,,,3.9m,210.0kg, ,고스트,풀,,,,,,,,,,,263
810,782,,782,짜랑꼬,ジャラコ,Jangmo-o,비늘포켓몬,방탄,방음,방진,,0.6m,29.7kg, ,드래곤,,,,짜랑고우,짜랑고우거,,,,,,,271
811,783,,783,짜랑고우,ジャランゴ,Hakamo-o,비늘포켓몬,방탄,방음,방진,,1.2m,47.0kg, ,드래곤,격투,,짜랑꼬,짜랑고우거,,,,,,,,272
812,784,,784,짜랑고우거,ジャラランガ,Kommo-o,비늘포켓몬,방탄,방음,방진,,1.6m,78.2kg, ,드래곤,격투,짜랑꼬,짜랑고우,,,,,,,,,273
813,785,,785,카푸꼬꼬꼭,カプ・コケコ,TapuKoko,토속신포켓몬,일렉트릭메이커,,텔레파시,,1.8m,20.5kg, ,전기,페어리,,,,,,,,,,,285
814,786,,786,카푸나비나,カプ・テテフ,TapuLele,토속신포켓몬,사이코메이커,,텔레파시,,1.2m,18.6kg, ,에스퍼,페어리,,,,,,,,,,,286
815,787,,787,카푸브루루,カプ・ブルル,TapuBulu,토속신포켓몬,그래스메이커,,텔레파시,,1.9m,45.5kg, ,풀,페어리,,,,,,,,,,,287
816,788,,788,카푸느지느,カプ・レヒレ,TapuFini,토속신포켓몬,미스트메이커,,텔레파시,,1.3m,21.2kg, ,물,페어리,,,,,,,,,,,288
817,789,,789,코스모그,コスモッグ,Cosmog,성운포켓몬,천진,,,,0.2m,0.1kg, ,에스퍼,,,,코스모움,솔가레오,,,,,,,289
818,790,,790,코스모움,コスモウム,Cosmoem,원시성포켓몬,옹골참,,,,0.1m,999.9kg, ,에스퍼,,,코스모그,솔가레오,,,,,,,,290
819,791,,791,솔가레오,ソルガレオ,Solgaleo,일륜포켓몬,메탈프로텍트,,,,3.4m,230.0kg, ,에스퍼,강철,코스모그,코스모움,,,,,,,,,291
820,792,,792,루나아라,ルナアーラ,Lunaala,월륜포켓몬,스펙터가드,,,,4.0m,120.0kg, ,에스퍼,고스트,코스모그,코스모움,,,,,,,,,292
821,793,,793,텅비드,ウツロイド,Nihilego,기생포켓몬,비스트부스트,,,,1.2m,55.5kg, ,바위,독,,,,,,,,,,,293
822,794,,794,매시붕,マッシブーン,Buzzwole,팽창포켓몬,비스트부스트,,,,2.4m,333.6kg, ,벌레,격투,,,,,,,,,,,294
823,795,,795,페로코체,フェローチェ,Pheromosa,염미포켓몬,비스트부스트,,,,1.8m,25.0kg, ,벌레,격투,,,,,,,,,,,295
824,796,,796,전수목,デンジュモク,Xurkitree,전기장식포켓몬,비스트부스트,,,,3.8m,100.0kg, ,전기,,,,,,,,,,,,296
825,797,,797,철화구야,テッカグヤ,Celesteela,쏴올리기포켓몬,비스트부스트,,,,9.2m,999.9kg, ,강철,비행,,,,,,,,,,,297
826,798,,798,종이신도,カミツルギ,Kartana,발도포켓몬,비스트부스트,,,,0.3m,0.1kg, ,풀,강철,,,,,,,,,,,298
827,799,,799,악식킹,アクジキング,Guzzlord,악식성포켓몬,비스트부스트,,,,5.5m,888.0kg, ,악,드래곤,,,,,,,,,,,299
828,800,,800,네크로즈마,ネクロズマ,Necrozma,프리즘포켓몬,프리즘아머,,,,2.4m,230.0kg, 검정,에스퍼,,,,,,,,,,,,300
829,801,,801,마기아나,マギアナ,Magearna,인조포켓몬,소울하트,,,,1.0m,80.5kg, ,강철,페어리,,,,,,,,,,,301
830,802,,802,마샤도,,,,,,,,,,,,,,,,,,,,,,,
831,G7_1,,알로라 리전폼,꼬렛,,,,,,,,,,,,,,,,,,,,,,,
832,G7_2,,알로라 리전폼,레트라,,,,,,,,,,,,,,,,,,,,,,,
833,G7_3,,알로라 리전폼,라이츄,,,,,,,,,,,,,,,,,,,,,,,
834,G7_4,,알로라 리전폼,모래두지,,,,,,,,,,,,,,,,,,,,,,,
835,G7_5,,알로라 리전폼,고지,,,,,,,,,,,,,,,,,,,,,,,
836,G7_6,,알로라 리전폼,식스테일,,,,,,,,,,,,,,,,,,,,,,,
837,G7_7,,알로라 리전폼,나인테일,,,,,,,,,,,,,,,,,,,,,,,
838,G7_8,,알로라 리전폼,디그다,,,,,,,,,,,,,,,,,,,,,,,
839,G7_9,,알로라 리전폼,닥트리오,,,,,,,,,,,,,,,,,,,,,,,
840,G7_10,,알로라 리전폼,냐옹,,,,,,,,,,,,,,,,,,,,,,,
841,G7_11,,알로라 리전폼,페르시온,,,,,,,,,,,,,,,,,,,,,,,
842,G7_12,,알로라 리전폼,꼬마돌,,,,,,,,,,,,,,,,,,,,,,,
843,G7_13,,알로라 리전폼,데구리,,,,,,,,,,,,,,,,,,,,,,,
844,G7_14,,알로라 리전폼,딱구리,,,,,,,,,,,,,,,,,,,,,,,
845,G7_15,,알로라 리전폼,질퍽이,,,,,,,,,,,,,,,,,,,,,,,
846,G7_16,,알로라 리전폼,질뻐기,,,,,,,,,,,,,,,,,,,,,,,
847,G7_17,,알로라 리전폼,나시,,,,,,,,,,,,,,,,,,,,,,,
848,G7_18,,알로라 리전폼,텅구리,,,,,,,,,,,,,,,,,,,,,,,
